/*
 Navicat Premium Data Transfer

 Source Server         : mysql1
 Source Server Type    : MySQL
 Source Server Version : 50525
 Source Host           : localhost:3306
 Source Schema         : item_circulation

 Target Server Type    : MySQL
 Target Server Version : 50525
 File Encoding         : 65001

 Date: 11/09/2018 15:08:38
*/

SET NAMES utf8mb4;
SET FOREIGN_KEY_CHECKS = 0;

-- ----------------------------
-- Table structure for __migrationhistory
-- ----------------------------
DROP TABLE IF EXISTS `__migrationhistory`;
CREATE TABLE `__migrationhistory`  (
  `MigrationId` varchar(150) CHARACTER SET utf8 COLLATE utf8_general_ci NOT NULL,
  `ContextKey` varchar(300) CHARACTER SET utf8 COLLATE utf8_general_ci NOT NULL,
  `Model` longblob NOT NULL,
  `ProductVersion` varchar(32) CHARACTER SET utf8 COLLATE utf8_general_ci NOT NULL,
  PRIMARY KEY (`MigrationId`) USING BTREE
) ENGINE = InnoDB CHARACTER SET = utf8 COLLATE = utf8_general_ci ROW_FORMAT = Compact;

-- ----------------------------
-- Records of __migrationhistory
-- ----------------------------
INSERT INTO `__migrationhistory` VALUES ('201803090550307_InitialCreate', 'ItemCirculation.Data.DatabaseContext.MySqlDbContext', 0x1F8B0800000000000400ED5CDD6E9C3814BE5F69DF01719D0E49AB4ABBD14CAB74D254D1E64F21E96DE401CF1415CC2C3655E6D9F6621F695F616D6CC060338007263F8A2A55C1F6F9CEE1F83BB639C7C97FFFFC3BFDFC1885D62F98E0204633FB6872685B1079B11FA0D5CC4EC9F2DD1FF6E74FBFFF36FDEA478FD6F77CDC07368E4A223CB37F10B23E761CECFD8011C09328F09218C74B32F1E2C8017EECBC3F3CFCD3393A722085B02996654D6F53448208660FF4711E230FAE490AC2CBD8872116EDB4C7CD50AD2B1041BC061E9CD9E70446F320F1D210106ACBE4141090FDB700185220021F896D9D8401A0B6B9305CDA16402826D9E8E37B0C5D92C468E5AE690308EF366B48C72D4188A178A3E37278D7973B7CCF5ECE290573282FC5248E7A021E7D10DE72EAE2463EB70B6F527F7EA57E271BF6D6994F67F689C781EBAA8EE761C28635389CCFD3844B1F58BA3107055D28ABD8BF036B9E86244DE00CC19424203CB06ED24518787FC1CD5DFC13A2194AC35036971A4CFB2A0DB4E92689D730219B5BB8142F71EEDB96539573EA82859824235E10910FEF6DEB8A2A078B10166C909CE1923881DF20820920D0BF0184C004310C98F953D15ED3C5DD34A73EABE9EC22C67ECEC528776960DAD62578BC8068457ECC6CFAA36D9D058FD0CF5B84F9F728A0714C854892C26EAA9812C52FB2E0D42909D48156AC61376AB1716FF4EA3C798614630223D0AC335BA4B935A58BD4FEC697964967EED91AE6AAC8450C904B52A6A0A7E42DA43E3694655AEF829297741E217FEEA2D344F21C73D95CEECB8674D01681E4E733889D5BE8C5893F400471A0B738EA1047F7813FFAE62C82670E12FF1278F21A3FF279A067B88ACDC420ECE67114D1377CAA186213691A36ACEF2D525AE6771F51C2A6E02A8D1630D98FAA7D1CCB99227E88DE83A28BD81347B03D287329B1FA1F57E7092C56947E2BCCFDDAEF24D96BCDC85E6297852303785B3D5A77879E3411F3F2349B89D8AD4D6921C4DF48D1468A3D9E86F203D81E75ED657BF996007F8C0F7FCD6C8500E3FD687AE22D82A5A04140592D502F37EEDFE1E9A2C84C2BABC23D866261C0E20DAB56725817925AC6B63482E7B9277987D3459E9F2A1A3078670B4E2569A300557ABB23E59FB0DBF0F2312DA8FC50AF00F1E60EB26213D10288BE1694622750308A1E1DAF0A0695651087D741F27A89D35030995E82F59A86955440112D96CBAB27F3776EFF2242C4311C0F6B6A0985B58526BAAE8315ACF5F25DFC2C4830C98B35B635F72365582D5E1A3C9C2BAB84447D532BDD9E0FCF139DDDCA48133D6EE9D533FAA2ECBB357B675818D7645026EA7A20048966E39CC7611A21FE1C28F4DE262D9717641490B53F7859475F38BE586BE0105097D276B8BCB4A00124B4EB41FFC653A7E6E9FA143BCA1CD78E2C75C6F4E053B60A8EC4291D76675EE985C7E456595B689A3F339295858726DC26B63D1133E46D6D706A6C01EFC08DADD2E390232F245410685B433437C1D48A0B325A48BB1E30EFEB89AA141E64DC24EB34442ECB128AA94473CE6C37520513F6F5852BCB179529C10F8968EE6319AF6A54ADE26DCF311CC5A970CCA0D4ABE8179A4D18E30568967B552234ED07A42B41C89879207974C043043CC3FDA0E18460B4652931956F2B3D63AAA84DC8585EDEF86C4221FBAE199CFD3AD40E84D78B8DC37185DF3DA92DD70D943041A2A3279C72A4E1603D4FCE65F65F81229A2FF436A832BFAFC08545573F48298BAF6062D6D77B1D90D3379580CBDA7B07AF9CD3A970246B6F847BC218E6A9855102590BDD319A1B64C7096995517D69241234D52D4A93B379C2C9CE7340834F75037087896E941C699A9B4E13C6A7884AA25E7B3E31035417F41CB0EF9A2EA5DC65B8156BEE0D2665D52BEE63CDFDC15EFFCAAB6458EB430AED45A6B596519D8AEC66FB3D7525DDC987D816F5D3AFC02F529DA2F8C77E9C874176A6CC475C02142C2126BC90677F9C7CAC5D6C7F3E97CC1D8CFDB0D34D738352A4BAAAB49722CB0B270173696BB151A9546EAF155552AB929E12A64BADAA9251E528618C56BC50640455E4523BDA6472A1FB55CDA094BCDC751AA57C659FB934BA25FD3AE6A0C8151ABB5EC90F1A23693282BB5945A44232DBF2F8F34D02BD80FF12D5A1A189C3034B09420E9B92006D8C9C285F851E8FFFBA2CDACB8E82B45462BA0534E4E006D957760A874AE26D48DE7AD56BC303F34D4D62BD588A0DC0AE4A3A6C08A8010E3D522A6C00A0B076FF75273039FB651C38954FAF2103A7F211660E6C7059F675C4D38EF38AE5FBA903AF5ADA1CCECB75F4907B593509340CD610CB989CFCD90D49CEFCEC88F4A2979EFA254CF5EE59438AB6EB1D4B9ECCA1A62F62FA16DC4830F0FDCB661DDAF2CF2E173475AABCF16F70B6A8A51F25BBDFF4D4E90806BC03DA84FFA0AD3798DC11D569C03B5E2055D3985347FEA31CD35388835509C1FE44078219F94AD07CCC395AC67994D337932DCA87D416814B48008D7A7092906049394DBB3D88717623FC3B08533AE42B3D69FAE7E83A25EB949C600CA34558F9A580A9B35D7F764BB66AF3F47ACD9EF010AF40CD0CD8C2758DBEA441E817769FA9DB5A13045B95C45E49AD7209DB33579B02E92A461D8184FB4EE11A22468B3B18AD6908417C8D5CF00B9AD8768FE1055C016F9327A39B41DA27A2EAF6E96900E89617618151CAD347CA613F7AFCF43F4B38BE049B460000, '6.2.0-61023');

-- ----------------------------
-- Table structure for action
-- ----------------------------
DROP TABLE IF EXISTS `action`;
CREATE TABLE `action`  (
  `id` int(11) NOT NULL AUTO_INCREMENT COMMENT '自动编号',
  `action_code` int(11) NULL DEFAULT NULL COMMENT '操作代码',
  `action_name` varchar(255) CHARACTER SET utf8 COLLATE utf8_general_ci NULL DEFAULT NULL COMMENT '操作名称',
  `action_type_id` int(11) NULL DEFAULT NULL COMMENT '操作类型编号',
  PRIMARY KEY (`id`) USING BTREE
) ENGINE = InnoDB AUTO_INCREMENT = 12 CHARACTER SET = utf8 COLLATE = utf8_general_ci COMMENT = '操作信息表' ROW_FORMAT = Compact;

-- ----------------------------
-- Records of action
-- ----------------------------
INSERT INTO `action` VALUES (1, 1001, '正常借出', NULL);
INSERT INTO `action` VALUES (2, 1002, '正常归还', NULL);
INSERT INTO `action` VALUES (3, 1003, '异常借出', 1);
INSERT INTO `action` VALUES (4, 1004, '异常归还', 2);
INSERT INTO `action` VALUES (5, 1004, '异常归还', 3);
INSERT INTO `action` VALUES (6, 1003, '异常借出', 4);
INSERT INTO `action` VALUES (7, 1004, '异常归还', 4);
INSERT INTO `action` VALUES (8, 1003, '异常借出', 5);
INSERT INTO `action` VALUES (9, 1004, '异常归还', 5);
INSERT INTO `action` VALUES (10, 1003, '异常借出', 6);
INSERT INTO `action` VALUES (11, 1004, '异常归还', 6);

-- ----------------------------
-- Table structure for action_type
-- ----------------------------
DROP TABLE IF EXISTS `action_type`;
CREATE TABLE `action_type`  (
  `id` int(11) NOT NULL AUTO_INCREMENT COMMENT '自动编号',
  `action_type_code` int(11) NULL DEFAULT NULL COMMENT '操作类型代码',
  `action_type_name` varchar(255) CHARACTER SET utf8 COLLATE utf8_general_ci NULL DEFAULT NULL COMMENT '操作类型名称',
  PRIMARY KEY (`id`) USING BTREE
) ENGINE = InnoDB AUTO_INCREMENT = 7 CHARACTER SET = utf8 COLLATE = utf8_general_ci COMMENT = '操作类型表' ROW_FORMAT = Compact;

-- ----------------------------
-- Records of action_type
-- ----------------------------
INSERT INTO `action_type` VALUES (1, 1001, '重复借出');
INSERT INTO `action_type` VALUES (2, 1002, '重复归还');
INSERT INTO `action_type` VALUES (3, 1003, '第三人归还');
INSERT INTO `action_type` VALUES (4, 1004, '未知设备');
INSERT INTO `action_type` VALUES (5, 1005, '未知学生');
INSERT INTO `action_type` VALUES (6, 1006, '未知错误');

-- ----------------------------
-- Table structure for circulation
-- ----------------------------
DROP TABLE IF EXISTS `circulation`;
CREATE TABLE `circulation`  (
  `id` int(11) NOT NULL AUTO_INCREMENT COMMENT '自动编号',
  `item_id` int(11) NULL DEFAULT NULL COMMENT '物品编号',
  `loan_student_id` int(11) NULL DEFAULT NULL COMMENT '借出人编号',
  `return_student_id` int(11) NULL DEFAULT NULL COMMENT '归还人编号',
  `loan_time` datetime NULL DEFAULT NULL COMMENT '借出时间',
  `return_time` datetime NULL DEFAULT NULL COMMENT '归还时间',
  `is_return` tinyint(1) NULL DEFAULT 0,
  `remark` varchar(255) CHARACTER SET utf8 COLLATE utf8_general_ci NULL DEFAULT NULL COMMENT '备注',
  PRIMARY KEY (`id`) USING BTREE
) ENGINE = InnoDB AUTO_INCREMENT = 1 CHARACTER SET = utf8 COLLATE = utf8_general_ci COMMENT = '流通信息表' ROW_FORMAT = Compact;

-- ----------------------------
-- Table structure for circulation_record
-- ----------------------------
DROP TABLE IF EXISTS `circulation_record`;
CREATE TABLE `circulation_record`  (
  `id` int(11) NOT NULL AUTO_INCREMENT COMMENT '自动编号',
  `item_uid` varchar(255) CHARACTER SET utf8 COLLATE utf8_general_ci NULL DEFAULT NULL COMMENT '物品RFID标识识别号',
  `student_card_mac_code` varchar(255) CHARACTER SET utf8 COLLATE utf8_general_ci NULL DEFAULT NULL COMMENT '学生证物理卡号',
  `action_id` int(11) NULL DEFAULT NULL COMMENT '操作编号',
  `action_time` datetime NULL DEFAULT NULL COMMENT '操作时间',
  `comment` varchar(255) CHARACTER SET utf8 COLLATE utf8_general_ci NULL DEFAULT NULL COMMENT '备注',
  PRIMARY KEY (`id`) USING BTREE
) ENGINE = InnoDB AUTO_INCREMENT = 602 CHARACTER SET = utf8 COLLATE = utf8_general_ci COMMENT = '流通记录表' ROW_FORMAT = Compact;

-- ----------------------------
-- Records of circulation_record
-- ----------------------------
INSERT INTO `circulation_record` VALUES (21, '5E9C8667500104E0', '2B0FCA59', 1, '2018-03-16 17:15:37', NULL);
INSERT INTO `circulation_record` VALUES (22, '5E9C8667500104E0', '2B0FCA59', 2, '2018-03-16 17:15:43', NULL);
INSERT INTO `circulation_record` VALUES (23, '5E9C8667500104E0', '2B0FCA59', 1, '2018-03-16 17:16:32', NULL);
INSERT INTO `circulation_record` VALUES (24, '5E9C8667500104E0', '2B0FCA59', 3, '2018-03-16 17:16:51', NULL);
INSERT INTO `circulation_record` VALUES (25, '5E9C8667500104E0', '2B0FCA59', 2, '2018-03-16 17:17:13', NULL);
INSERT INTO `circulation_record` VALUES (26, 'CB508667500104E0', '13879CE3', 1, '2018-03-19 16:02:04', NULL);
INSERT INTO `circulation_record` VALUES (27, 'CB508667500104E0', '13879CE3', 2, '2018-03-19 16:02:09', NULL);
INSERT INTO `circulation_record` VALUES (28, 'CB508667500104E0', '13879CE3', 1, '2018-03-19 16:07:13', NULL);
INSERT INTO `circulation_record` VALUES (29, 'CB508667500104E0', '13879CE3', 3, '2018-03-19 16:07:26', NULL);
INSERT INTO `circulation_record` VALUES (30, 'CB508667500104E0', '13879CE3', 3, '2018-03-19 16:07:32', NULL);
INSERT INTO `circulation_record` VALUES (31, 'CB508667500104E0', '13879CE3', 2, '2018-03-19 16:07:41', NULL);
INSERT INTO `circulation_record` VALUES (32, 'CB508667500104E0', '13879CE3', 1, '2018-03-19 16:08:35', NULL);
INSERT INTO `circulation_record` VALUES (33, 'EC978667500104E0', '8BF4C859', 1, '2018-03-20 13:10:30', NULL);
INSERT INTO `circulation_record` VALUES (34, '5E9C8667500104E0', '0451CB6E', 1, '2018-03-21 12:11:48', NULL);
INSERT INTO `circulation_record` VALUES (35, '5E9C8667500104E0', '0451CB6E', 2, '2018-03-21 12:12:52', NULL);
INSERT INTO `circulation_record` VALUES (36, '5E9C8667500104E0', '0451CB6E', 1, '2018-03-21 12:14:24', NULL);
INSERT INTO `circulation_record` VALUES (37, '5E9C8667500104E0', '0451CB6E', 3, '2018-03-21 12:14:24', NULL);
INSERT INTO `circulation_record` VALUES (38, '5E9C8667500104E0', '0451CB6E', 2, '2018-03-21 12:14:39', NULL);
INSERT INTO `circulation_record` VALUES (39, '5E9C8667500104E0', '0451CB6E', 4, '2018-03-21 12:14:42', NULL);
INSERT INTO `circulation_record` VALUES (40, '5E9C8667500104E0', '0451CB6E', 4, '2018-03-21 12:14:43', NULL);
INSERT INTO `circulation_record` VALUES (41, '5E9C8667500104E0', '0451CB6E', 4, '2018-03-21 12:14:44', NULL);
INSERT INTO `circulation_record` VALUES (42, '5E9C8667500104E0', '0451CB6E', 4, '2018-03-21 12:14:44', NULL);
INSERT INTO `circulation_record` VALUES (43, '5E9C8667500104E0', '0451CB6E', 1, '2018-03-21 12:14:46', NULL);
INSERT INTO `circulation_record` VALUES (44, '5E9C8667500104E0', '0451CB6E', 3, '2018-03-21 12:14:47', NULL);
INSERT INTO `circulation_record` VALUES (45, '5E9C8667500104E0', '0451CB6E', 3, '2018-03-21 12:14:47', NULL);
INSERT INTO `circulation_record` VALUES (46, '5E9C8667500104E0', '0451CB6E', 3, '2018-03-21 12:14:48', NULL);
INSERT INTO `circulation_record` VALUES (47, '5E9C8667500104E0', '0451CB6E', 3, '2018-03-21 12:14:51', NULL);
INSERT INTO `circulation_record` VALUES (48, '5E9C8667500104E0', '0451CB6E', 2, '2018-03-21 12:15:18', NULL);
INSERT INTO `circulation_record` VALUES (49, '5E9C8667500104E0', '0451CB6E', 1, '2018-03-21 12:20:42', NULL);
INSERT INTO `circulation_record` VALUES (50, '55AE8667500104E0', '0451CB6E', 6, '2018-03-21 12:45:26', NULL);
INSERT INTO `circulation_record` VALUES (51, '5E9C8667500104E0', '0451CB6E', 2, '2018-03-21 12:47:56', NULL);
INSERT INTO `circulation_record` VALUES (52, '5E9C8667500104E0', '0451CB6E', 1, '2018-03-21 12:49:06', NULL);
INSERT INTO `circulation_record` VALUES (53, '5E9C8667500104E0', '0451CB6E', 2, '2018-03-21 12:49:09', NULL);
INSERT INTO `circulation_record` VALUES (54, '5E9C8667500104E0', '0451CB6E', 4, '2018-03-21 12:53:10', NULL);
INSERT INTO `circulation_record` VALUES (55, 'AA37B939500104E0', '0451CB6E', 4, '2018-03-21 12:53:10', NULL);
INSERT INTO `circulation_record` VALUES (56, '5E9C8667500104E0', '0451CB6E', 1, '2018-03-21 12:53:19', NULL);
INSERT INTO `circulation_record` VALUES (57, 'AA37B939500104E0', '0451CB6E', 1, '2018-03-21 12:53:19', NULL);
INSERT INTO `circulation_record` VALUES (58, '5E9C8667500104E0', '0451CB6E', 3, '2018-03-21 12:53:24', NULL);
INSERT INTO `circulation_record` VALUES (59, 'AA37B939500104E0', '0451CB6E', 3, '2018-03-21 12:53:24', NULL);
INSERT INTO `circulation_record` VALUES (60, '55AE8667500104E0', '0451CB6E', 6, '2018-03-21 12:53:50', NULL);
INSERT INTO `circulation_record` VALUES (61, '5E9C8667500104E0', '0451CB6E', 3, '2018-03-21 12:53:51', NULL);
INSERT INTO `circulation_record` VALUES (62, 'AA37B939500104E0', '0451CB6E', 3, '2018-03-21 12:53:51', NULL);
INSERT INTO `circulation_record` VALUES (63, 'CAFE8667500104E0', 'A3F2CBE3', 1, '2018-03-26 15:47:29', NULL);
INSERT INTO `circulation_record` VALUES (64, '7C9B8667500104E0', '93048FE3', 1, '2018-03-26 15:48:08', NULL);
INSERT INTO `circulation_record` VALUES (65, 'CB508667500104E0', '13879CE3', 3, '2018-03-26 15:57:16', NULL);
INSERT INTO `circulation_record` VALUES (66, 'CB508667500104E0', '13879CE3', 2, '2018-03-26 15:57:27', NULL);
INSERT INTO `circulation_record` VALUES (67, 'CB508667500104E0', '13879CE3', 1, '2018-03-26 15:57:32', NULL);
INSERT INTO `circulation_record` VALUES (68, '46B18667500104E0', '732D91E3', 1, '2018-03-30 13:56:12', NULL);
INSERT INTO `circulation_record` VALUES (69, '47FF8667500104E0', '238287E3', 1, '2018-03-30 13:57:00', NULL);
INSERT INTO `circulation_record` VALUES (70, '667D8767500104E0', 'C3FF96E3', 1, '2018-03-30 13:57:12', NULL);
INSERT INTO `circulation_record` VALUES (71, '0F9B8667500104E0', 'B3FA8EE3', 1, '2018-03-30 13:57:25', NULL);
INSERT INTO `circulation_record` VALUES (72, '979C8667500104E0', '535A9CE3', 1, '2018-03-30 13:57:38', NULL);
INSERT INTO `circulation_record` VALUES (73, '0B4F8667500104E0', '836DA6E3', 1, '2018-03-30 13:57:49', NULL);
INSERT INTO `circulation_record` VALUES (74, '5AB58767500104E0', 'A3E596E3', 1, '2018-03-30 13:57:58', NULL);
INSERT INTO `circulation_record` VALUES (75, '771A8767500104E0', 'A3E596E3', 1, '2018-03-30 13:58:09', NULL);
INSERT INTO `circulation_record` VALUES (76, '771A8767500104E0', '93CDC7E3', 3, '2018-03-30 13:58:20', NULL);
INSERT INTO `circulation_record` VALUES (77, '5AB58767500104E0', 'A3E596E3', 2, '2018-03-30 13:58:57', NULL);
INSERT INTO `circulation_record` VALUES (78, '5AB58767500104E0', 'A3E596E3', 1, '2018-03-30 13:59:10', NULL);
INSERT INTO `circulation_record` VALUES (79, '771A8767500104E0', '93CDC7E3', 3, '2018-03-30 13:59:28', NULL);
INSERT INTO `circulation_record` VALUES (80, '771A8767500104E0', '93CDC7E3', 3, '2018-03-30 13:59:47', NULL);
INSERT INTO `circulation_record` VALUES (81, 'B49A8667500104E0', 'A38AADE3', 1, '2018-03-30 14:00:57', NULL);
INSERT INTO `circulation_record` VALUES (82, '4B9A8667500104E0', '0B3EC259', 1, '2018-03-30 14:01:47', NULL);
INSERT INTO `circulation_record` VALUES (83, 'C2FF8667500104E0', '0B0CC359', 1, '2018-03-30 14:02:01', NULL);
INSERT INTO `circulation_record` VALUES (84, '67FF8667500104E0', '6B04B759', 1, '2018-03-30 14:02:30', NULL);
INSERT INTO `circulation_record` VALUES (85, '37988667500104E0', '73DD84E3', 1, '2018-03-30 14:02:49', NULL);
INSERT INTO `circulation_record` VALUES (86, '5D9B8667500104E0', 'C3EA9BE3', 1, '2018-03-30 14:02:59', NULL);
INSERT INTO `circulation_record` VALUES (87, 'E19A8667500104E0', '63AEB9E3', 1, '2018-03-30 14:03:27', NULL);
INSERT INTO `circulation_record` VALUES (88, '67B08667500104E0', '5B28C959', 1, '2018-03-30 14:03:41', NULL);
INSERT INTO `circulation_record` VALUES (89, '86AD8667500104E0', 'B3E08FE3', 1, '2018-03-30 14:03:55', NULL);
INSERT INTO `circulation_record` VALUES (90, '95AD8667500104E0', '230BC2E3', 1, '2018-03-30 14:04:09', NULL);
INSERT INTO `circulation_record` VALUES (91, 'A86B8767500104E0', '230BC2E3', 1, '2018-03-30 14:04:36', NULL);
INSERT INTO `circulation_record` VALUES (92, '39038767500104E0', '0396A3E3', 1, '2018-03-30 14:04:54', NULL);
INSERT INTO `circulation_record` VALUES (93, '019B8667500104E0', 'A35295E3', 1, '2018-03-30 14:33:23', NULL);
INSERT INTO `circulation_record` VALUES (94, 'A4988667500104E0', 'AB53C359', 1, '2018-03-30 14:49:35', NULL);
INSERT INTO `circulation_record` VALUES (95, '1D7C8767500104E0', '0B0CC359', 1, '2018-03-30 15:36:00', NULL);
INSERT INTO `circulation_record` VALUES (96, '426C8767500104E0', '935295E3', 1, '2018-04-02 15:50:32', NULL);
INSERT INTO `circulation_record` VALUES (97, '744F8667500104E0', '03368FE3', 1, '2018-04-02 15:52:58', NULL);
INSERT INTO `circulation_record` VALUES (98, '17988667500104E0', '93DDB4E3', 1, '2018-04-02 15:55:18', NULL);
INSERT INTO `circulation_record` VALUES (99, '74518667500104E0', 'E387C6E3', 1, '2018-04-02 15:58:05', NULL);
INSERT INTO `circulation_record` VALUES (100, '74518667500104E0', 'E387C6E3', 3, '2018-04-02 15:58:05', NULL);
INSERT INTO `circulation_record` VALUES (101, '73698767500104E0', '6333C0E3', 1, '2018-04-02 16:09:29', NULL);
INSERT INTO `circulation_record` VALUES (102, '74518667500104E0', 'E387C6E3', 3, '2018-04-02 16:10:03', NULL);
INSERT INTO `circulation_record` VALUES (103, '74518667500104E0', 'E387C6E3', 2, '2018-04-02 16:10:08', NULL);
INSERT INTO `circulation_record` VALUES (104, '74518667500104E0', 'E387C6E3', 1, '2018-04-02 16:10:11', NULL);
INSERT INTO `circulation_record` VALUES (105, '18FF8667500104E0', '432F8BE3', 1, '2018-04-02 16:12:13', NULL);
INSERT INTO `circulation_record` VALUES (106, '5E9C8667500104E0', 'B381C6E3', 3, '2018-04-02 16:13:18', NULL);
INSERT INTO `circulation_record` VALUES (107, '5E9C8667500104E0', 'B381C6E3', 3, '2018-04-02 16:13:47', NULL);
INSERT INTO `circulation_record` VALUES (108, '5E9C8667500104E0', 'B381C6E3', 2, '2018-04-02 16:13:54', NULL);
INSERT INTO `circulation_record` VALUES (109, '5E9C8667500104E0', 'B381C6E3', 1, '2018-04-02 16:13:58', NULL);
INSERT INTO `circulation_record` VALUES (110, '5C198767500104E0', '7B02B759', 1, '2018-04-02 16:14:15', NULL);
INSERT INTO `circulation_record` VALUES (111, '019B8667500104E0', 'A35295E3', 3, '2018-04-03 12:06:16', NULL);
INSERT INTO `circulation_record` VALUES (112, '019B8667500104E0', 'A35295E3', 2, '2018-04-03 12:06:27', NULL);
INSERT INTO `circulation_record` VALUES (113, '019B8667500104E0', 'A35295E3', 1, '2018-04-03 12:06:31', NULL);
INSERT INTO `circulation_record` VALUES (114, '351C8767500104E0', '0451CB6E', 1, '2018-04-03 14:50:45', NULL);
INSERT INTO `circulation_record` VALUES (115, '539B8667500104E0', '0451CB6E', 1, '2018-04-03 14:51:05', NULL);
INSERT INTO `circulation_record` VALUES (116, 'BB4C8667500104E0', '0451CB6E', 1, '2018-04-03 14:51:22', NULL);
INSERT INTO `circulation_record` VALUES (117, 'E69B8667500104E0', '0451CB6E', 1, '2018-04-03 14:51:27', NULL);
INSERT INTO `circulation_record` VALUES (118, '3CB68767500104E0', '0451CB6E', 3, '2018-04-03 14:51:40', NULL);
INSERT INTO `circulation_record` VALUES (119, 'BF7B8767500104E0', '0451CB6E', 1, '2018-04-03 14:52:27', NULL);
INSERT INTO `circulation_record` VALUES (120, '2B6A8767500104E0', '0451CB6E', 1, '2018-04-03 14:52:55', NULL);
INSERT INTO `circulation_record` VALUES (121, 'FA988667500104E0', '0451CB6E', 1, '2018-04-03 14:53:02', NULL);
INSERT INTO `circulation_record` VALUES (122, '351C8767500104E0', '0451CB6E', 2, '2018-04-03 14:53:37', NULL);
INSERT INTO `circulation_record` VALUES (123, '2B6A8767500104E0', '0451CB6E', 2, '2018-04-03 14:53:43', NULL);
INSERT INTO `circulation_record` VALUES (124, 'FA988667500104E0', '0451CB6E', 2, '2018-04-03 14:54:02', NULL);
INSERT INTO `circulation_record` VALUES (125, '2B6A8767500104E0', '0451CB6E', 1, '2018-04-03 14:58:51', NULL);
INSERT INTO `circulation_record` VALUES (126, '8A018767500104E0', '0451CB6E', 1, '2018-04-03 14:58:51', NULL);
INSERT INTO `circulation_record` VALUES (127, 'F7508667500104E0', 'E38275E3', 1, '2018-04-09 15:55:29', NULL);
INSERT INTO `circulation_record` VALUES (128, '8D6C8767500104E0', 'B35B9BE3', 1, '2018-04-09 15:55:46', NULL);
INSERT INTO `circulation_record` VALUES (129, 'AFB08667500104E0', '5392ADE3', 1, '2018-04-09 15:55:59', NULL);
INSERT INTO `circulation_record` VALUES (130, 'A9508667500104E0', '9398A6E3', 1, '2018-04-09 15:56:13', NULL);
INSERT INTO `circulation_record` VALUES (131, '979A8667500104E0', '6B4BBC59', 1, '2018-04-09 15:56:22', NULL);
INSERT INTO `circulation_record` VALUES (132, '744F8667500104E0', '03368FE3', 3, '2018-04-09 15:56:39', NULL);
INSERT INTO `circulation_record` VALUES (133, '744F8667500104E0', '03368FE3', 2, '2018-04-09 15:56:48', NULL);
INSERT INTO `circulation_record` VALUES (134, '744F8667500104E0', '03368FE3', 1, '2018-04-09 15:56:54', NULL);
INSERT INTO `circulation_record` VALUES (135, 'A3AD8667500104E0', 'D3667EE3', 1, '2018-04-10 11:23:27', NULL);
INSERT INTO `circulation_record` VALUES (136, '18988667500104E0', '2B5BCF59', 1, '2018-04-10 11:23:54', NULL);
INSERT INTO `circulation_record` VALUES (137, '019B8667500104E0', 'A35295E3', 3, '2018-04-10 11:24:08', NULL);
INSERT INTO `circulation_record` VALUES (138, '019B8667500104E0', 'A35295E3', 2, '2018-04-10 11:24:19', NULL);
INSERT INTO `circulation_record` VALUES (139, '019B8667500104E0', 'A35295E3', 1, '2018-04-10 11:24:24', NULL);
INSERT INTO `circulation_record` VALUES (140, '0A4F8667500104E0', '13BB89E3', 1, '2018-04-10 11:24:45', NULL);
INSERT INTO `circulation_record` VALUES (141, 'C81B8767500104E0', '13BB89E3', 1, '2018-04-10 11:25:54', NULL);
INSERT INTO `circulation_record` VALUES (142, 'C81B8767500104E0', '03159CE3', 5, '2018-04-10 11:26:04', NULL);
INSERT INTO `circulation_record` VALUES (143, 'C81B8767500104E0', '03159CE3', 1, '2018-04-10 11:26:23', NULL);
INSERT INTO `circulation_record` VALUES (144, '0FB08667500104E0', 'C3058CE3', 1, '2018-04-10 11:26:35', NULL);
INSERT INTO `circulation_record` VALUES (145, '7F528667500104E0', '7B69C826', 1, '2018-04-12 08:05:56', NULL);
INSERT INTO `circulation_record` VALUES (146, '01018767500104E0', 'CB4CC259', 1, '2018-04-12 08:07:17', NULL);
INSERT INTO `circulation_record` VALUES (147, '0C9C8667500104E0', '23F9B4E3', 1, '2018-04-12 08:07:43', NULL);
INSERT INTO `circulation_record` VALUES (148, 'F0AD8667500104E0', '6BEEC859', 1, '2018-04-12 08:08:30', NULL);
INSERT INTO `circulation_record` VALUES (149, '1B9A8667500104E0', 'EB3DCF59', 1, '2018-04-12 08:08:45', NULL);
INSERT INTO `circulation_record` VALUES (150, '989C8667500104E0', '838C85E3', 1, '2018-04-12 08:09:00', NULL);
INSERT INTO `circulation_record` VALUES (151, 'E9508667500104E0', '733C9CE3', 1, '2018-04-12 08:14:48', NULL);
INSERT INTO `circulation_record` VALUES (152, '397A8767500104E0', '7B07C959', 1, '2018-04-12 12:58:02', NULL);
INSERT INTO `circulation_record` VALUES (153, '614E8667500104E0', 'C307AAE3', 1, '2018-04-12 15:09:08', NULL);
INSERT INTO `circulation_record` VALUES (154, '5C028767500104E0', '6B17B659', 1, '2018-04-12 15:09:23', NULL);
INSERT INTO `circulation_record` VALUES (155, '7EAF8667500104E0', '03CB94E3', 1, '2018-04-12 15:10:15', NULL);
INSERT INTO `circulation_record` VALUES (156, '8A4B8667500104E0', '138AB9E3', 1, '2018-04-12 15:10:25', NULL);
INSERT INTO `circulation_record` VALUES (157, 'CA198767500104E0', '83F3B4E3', 1, '2018-04-12 15:10:35', NULL);
INSERT INTO `circulation_record` VALUES (158, 'D3AE8667500104E0', 'B3C99CE3', 1, '2018-04-16 15:53:47', NULL);
INSERT INTO `circulation_record` VALUES (159, '771A8767500104E0', '93CDC7E3', 3, '2018-04-17 11:51:36', NULL);
INSERT INTO `circulation_record` VALUES (160, '771A8767500104E0', '93CDC7E3', 3, '2018-04-17 11:51:42', NULL);
INSERT INTO `circulation_record` VALUES (161, '771A8767500104E0', '93CDC7E3', 2, '2018-04-17 11:51:46', NULL);
INSERT INTO `circulation_record` VALUES (162, '771A8767500104E0', '93CDC7E3', 1, '2018-04-17 11:51:50', NULL);
INSERT INTO `circulation_record` VALUES (163, 'D455B939500104E0', '835789E3', 1, '2018-04-17 11:52:16', NULL);
INSERT INTO `circulation_record` VALUES (164, 'D9FE8667500104E0', 'D3F0AEE3', 1, '2018-04-26 14:41:01', NULL);
INSERT INTO `circulation_record` VALUES (165, 'DEFF8667500104E0', '2359C1E3', 1, '2018-04-26 14:41:13', NULL);
INSERT INTO `circulation_record` VALUES (166, '64998667500104E0', '23099CE3', 1, '2018-04-26 14:41:23', NULL);
INSERT INTO `circulation_record` VALUES (167, '22688767500104E0', 'B326C2E3', 1, '2018-04-26 14:41:36', NULL);
INSERT INTO `circulation_record` VALUES (168, 'D5AE8667500104E0', '93ECA9E3', 1, '2018-04-26 14:41:50', NULL);
INSERT INTO `circulation_record` VALUES (169, '06B08667500104E0', '6347C0E3', 1, '2018-04-26 14:42:34', NULL);
INSERT INTO `circulation_record` VALUES (170, 'AB028767500104E0', 'C3CD84E3', 1, '2018-04-26 14:42:51', NULL);
INSERT INTO `circulation_record` VALUES (171, 'A2028767500104E0', '8B1ACA59', 1, '2018-04-26 14:47:42', NULL);
INSERT INTO `circulation_record` VALUES (172, '6B998667500104E0', 'C32CC0E3', 1, '2018-04-26 14:47:53', NULL);
INSERT INTO `circulation_record` VALUES (173, '9A508667500104E0', '1B68C359', 1, '2018-04-26 14:48:02', NULL);
INSERT INTO `circulation_record` VALUES (174, '6C508667500104E0', 'D30EA2E3', 1, '2018-04-26 14:48:51', NULL);
INSERT INTO `circulation_record` VALUES (175, 'D2498667500104E0', '3BEBB559', 1, '2018-04-26 14:49:48', NULL);
INSERT INTO `circulation_record` VALUES (176, 'E2998667500104E0', '2BB3B659', 1, '2018-04-26 14:50:06', NULL);
INSERT INTO `circulation_record` VALUES (177, 'A5B18667500104E0', '33A2A1E3', 1, '2018-04-26 14:50:55', NULL);
INSERT INTO `circulation_record` VALUES (178, '18028767500104E0', '8B1DC959', 1, '2018-04-26 14:51:05', NULL);
INSERT INTO `circulation_record` VALUES (179, '141A8767500104E0', '535892E3', 1, '2018-04-26 15:32:41', NULL);
INSERT INTO `circulation_record` VALUES (180, '8AB78767500104E0', 'C35789E3', 1, '2018-05-03 14:34:01', NULL);
INSERT INTO `circulation_record` VALUES (181, '92518667500104E0', 'F3D1A7E3', 1, '2018-05-03 14:34:19', NULL);
INSERT INTO `circulation_record` VALUES (182, 'EC7C8767500104E0', 'F39C96E3', 1, '2018-05-03 14:34:34', NULL);
INSERT INTO `circulation_record` VALUES (183, '9E9B8667500104E0', '4334B3E3', 1, '2018-05-03 14:45:40', NULL);
INSERT INTO `circulation_record` VALUES (184, '20998667500104E0', '332DB4E3', 1, '2018-05-03 14:45:51', NULL);
INSERT INTO `circulation_record` VALUES (185, '8BAD8667500104E0', 'CB88BB59', 1, '2018-05-03 15:33:47', NULL);
INSERT INTO `circulation_record` VALUES (186, 'C7018767500104E0', 'A368C1E3', 1, '2018-05-03 15:33:58', NULL);
INSERT INTO `circulation_record` VALUES (187, 'E9B18667500104E0', 'A38FCBE3', 1, '2018-05-10 13:01:50', NULL);
INSERT INTO `circulation_record` VALUES (188, '2D9B8667500104E0', 'F3D484E3', 1, '2018-05-10 13:02:07', NULL);
INSERT INTO `circulation_record` VALUES (189, 'F1B78767500104E0', '2BB2BB59', 1, '2018-05-10 13:02:21', NULL);
INSERT INTO `circulation_record` VALUES (190, 'C3698767500104E0', '8339B3E3', 1, '2018-05-10 13:02:37', NULL);
INSERT INTO `circulation_record` VALUES (191, 'A54F8667500104E0', '331FA2E3', 1, '2018-05-10 13:02:54', NULL);
INSERT INTO `circulation_record` VALUES (192, '0F018767500104E0', 'A3F6A9E3', 1, '2018-05-10 13:03:30', NULL);
INSERT INTO `circulation_record` VALUES (193, 'ED028767500104E0', '931890E3', 1, '2018-05-10 13:03:41', NULL);
INSERT INTO `circulation_record` VALUES (194, 'C04E8667500104E0', '93BE89E3', 1, '2018-05-10 13:03:57', NULL);
INSERT INTO `circulation_record` VALUES (195, '1F56B939500104E0', 'F394BAE3', 1, '2018-05-10 13:04:55', NULL);
INSERT INTO `circulation_record` VALUES (196, '0DB68767500104E0', 'F3A0CBE3', 1, '2018-05-10 13:05:38', NULL);
INSERT INTO `circulation_record` VALUES (197, '384F8667500104E0', 'D39BA3E3', 1, '2018-05-10 13:05:52', NULL);
INSERT INTO `circulation_record` VALUES (198, 'E09B8667500104E0', 'F37392E3', 1, '2018-05-10 13:06:06', NULL);
INSERT INTO `circulation_record` VALUES (199, '1D008767500104E0', 'F3ACA2E3', 1, '2018-05-10 13:06:21', NULL);
INSERT INTO `circulation_record` VALUES (200, '35988667500104E0', '73A0BBE3', 1, '2018-05-10 13:06:33', NULL);
INSERT INTO `circulation_record` VALUES (201, '377E8767500104E0', '33B389E3', 1, '2018-05-10 13:06:45', NULL);
INSERT INTO `circulation_record` VALUES (202, 'FAB08667500104E0', '23EE88E3', 1, '2018-05-10 13:06:55', NULL);
INSERT INTO `circulation_record` VALUES (203, 'C34F8667500104E0', 'D3A89CE3', 1, '2018-05-10 13:49:27', NULL);
INSERT INTO `circulation_record` VALUES (204, '64998667500104E0', 'CB4AC259', 3, '2018-05-10 13:50:09', NULL);
INSERT INTO `circulation_record` VALUES (205, '64998667500104E0', 'CB4AC259', 3, '2018-05-10 13:50:25', NULL);
INSERT INTO `circulation_record` VALUES (206, '64998667500104E0', 'CB4AC259', 2, '2018-05-10 13:50:53', NULL);
INSERT INTO `circulation_record` VALUES (207, '64998667500104E0', 'CB4AC259', 1, '2018-05-10 13:51:01', NULL);
INSERT INTO `circulation_record` VALUES (208, '991C8767500104E0', '336095E3', 1, '2018-05-10 13:51:15', NULL);
INSERT INTO `circulation_record` VALUES (209, 'DC988667500104E0', '43018FE3', 1, '2018-05-10 13:52:11', NULL);
INSERT INTO `circulation_record` VALUES (210, '119C8667500104E0', '33CB88E3', 1, '2018-05-10 14:46:52', NULL);
INSERT INTO `circulation_record` VALUES (211, 'EFB18667500104E0', '1B95C859', 1, '2018-05-10 14:47:50', NULL);
INSERT INTO `circulation_record` VALUES (212, '34B08667500104E0', '1B24C259', 1, '2018-05-10 14:51:45', NULL);
INSERT INTO `circulation_record` VALUES (213, '1DB88767500104E0', 'D318B5E3', 1, '2018-05-10 14:56:04', NULL);
INSERT INTO `circulation_record` VALUES (214, 'C49B8667500104E0', '538B8EE3', 1, '2018-05-23 14:00:33', NULL);
INSERT INTO `circulation_record` VALUES (215, '78AF8667500104E0', '930789E3', 1, '2018-05-23 14:00:57', NULL);
INSERT INTO `circulation_record` VALUES (216, '1C9A8667500104E0', 'A3259CE3', 1, '2018-05-23 14:41:00', NULL);
INSERT INTO `circulation_record` VALUES (217, '969C8667500104E0', 'E331C2E3', 1, '2018-05-23 14:41:16', NULL);
INSERT INTO `circulation_record` VALUES (218, 'FA508667500104E0', 'B353BAE3', 1, '2018-05-23 14:43:32', NULL);
INSERT INTO `circulation_record` VALUES (219, '47B18667500104E0', '4373CBE3', 1, '2018-05-23 14:44:30', NULL);
INSERT INTO `circulation_record` VALUES (220, 'A64F8667500104E0', '93A9ADE3', 1, '2018-05-23 14:44:39', NULL);
INSERT INTO `circulation_record` VALUES (221, '41508667500104E0', '2BDDBC59', 1, '2018-05-23 14:45:06', NULL);
INSERT INTO `circulation_record` VALUES (222, 'A6198767500104E0', '03E79BE3', 1, '2018-05-23 14:45:26', NULL);
INSERT INTO `circulation_record` VALUES (223, '4A9C8667500104E0', '9BF6BC59', 1, '2018-05-23 14:45:48', NULL);
INSERT INTO `circulation_record` VALUES (224, '55FF8667500104E0', '430DB3E3', 1, '2018-05-23 14:45:56', NULL);
INSERT INTO `circulation_record` VALUES (225, 'DB688767500104E0', '83E09BE3', 1, '2018-05-23 14:47:14', NULL);
INSERT INTO `circulation_record` VALUES (226, '74B68767500104E0', 'F38B95E3', 1, '2018-05-31 13:50:29', NULL);
INSERT INTO `circulation_record` VALUES (227, 'B7008767500104E0', 'A34BC0E3', 1, '2018-05-31 13:51:41', NULL);
INSERT INTO `circulation_record` VALUES (228, '66B88767500104E0', '2BD7C359', 1, '2018-05-31 13:51:47', NULL);
INSERT INTO `circulation_record` VALUES (229, '91688767500104E0', '1373CBE3', 1, '2018-05-31 13:52:03', NULL);
INSERT INTO `circulation_record` VALUES (230, '307B8767500104E0', 'E380C6E3', 1, '2018-05-31 13:52:13', NULL);
INSERT INTO `circulation_record` VALUES (231, 'C8AF8667500104E0', 'EB3ABC59', 1, '2018-05-31 14:50:18', NULL);
INSERT INTO `circulation_record` VALUES (232, '5E4D8667500104E0', '2347BAE3', 1, '2018-06-01 16:39:43', NULL);
INSERT INTO `circulation_record` VALUES (233, 'AFB08667500104E0', '0451CB6E', 5, '2018-06-12 15:45:29', NULL);
INSERT INTO `circulation_record` VALUES (234, '0FB08667500104E0', '0451CB6E', 5, '2018-06-12 15:45:40', NULL);
INSERT INTO `circulation_record` VALUES (235, 'F4B58767500104E0', '0451CB6E', 4, '2018-06-12 15:45:53', NULL);
INSERT INTO `circulation_record` VALUES (236, 'E4FF8667500104E0', '0451CB6E', 4, '2018-06-12 15:46:56', NULL);
INSERT INTO `circulation_record` VALUES (237, 'DC988667500104E0', '0451CB6E', 5, '2018-06-12 15:47:36', NULL);
INSERT INTO `circulation_record` VALUES (238, '0858B939500104E0', '0451CB6E', 4, '2018-06-12 15:47:45', NULL);
INSERT INTO `circulation_record` VALUES (239, '8BAD8667500104E0', '0451CB6E', 5, '2018-06-12 15:47:52', NULL);
INSERT INTO `circulation_record` VALUES (240, '614E8667500104E0', '0451CB6E', 5, '2018-06-12 15:47:56', NULL);
INSERT INTO `circulation_record` VALUES (241, 'B7008767500104E0', '0451CB6E', 5, '2018-06-12 15:48:20', NULL);
INSERT INTO `circulation_record` VALUES (242, 'A2028767500104E0', '0451CB6E', 5, '2018-06-12 15:48:26', NULL);
INSERT INTO `circulation_record` VALUES (243, '18988667500104E0', '0451CB6E', 5, '2018-06-12 15:48:29', NULL);
INSERT INTO `circulation_record` VALUES (244, '06B08667500104E0', '0451CB6E', 5, '2018-06-12 15:48:33', NULL);
INSERT INTO `circulation_record` VALUES (245, '48518667500104E0', '0451CB6E', 4, '2018-06-12 15:48:39', NULL);
INSERT INTO `circulation_record` VALUES (246, '18028767500104E0', '0451CB6E', 5, '2018-06-12 15:48:42', NULL);
INSERT INTO `circulation_record` VALUES (247, '2A008767500104E0', '0451CB6E', 4, '2018-06-12 15:48:45', NULL);
INSERT INTO `circulation_record` VALUES (248, '5E4D8667500104E0', '0451CB6E', 5, '2018-06-12 15:48:48', NULL);
INSERT INTO `circulation_record` VALUES (249, 'FA508667500104E0', '0451CB6E', 5, '2018-06-12 15:48:52', NULL);
INSERT INTO `circulation_record` VALUES (250, '1C9A8667500104E0', '0451CB6E', 5, '2018-06-12 15:48:55', NULL);
INSERT INTO `circulation_record` VALUES (251, 'EE1A8767500104E0', '0451CB6E', 4, '2018-06-12 15:48:59', NULL);
INSERT INTO `circulation_record` VALUES (252, '8955B939500104E0', '0451CB6E', 4, '2018-06-12 15:49:05', NULL);
INSERT INTO `circulation_record` VALUES (253, '17B28667500104E0', '0451CB6E', 4, '2018-06-12 15:49:09', NULL);
INSERT INTO `circulation_record` VALUES (254, 'FA998667500104E0', '0451CB6E', 4, '2018-06-12 15:49:13', NULL);
INSERT INTO `circulation_record` VALUES (255, 'A9508667500104E0', '0451CB6E', 5, '2018-06-12 15:49:16', NULL);
INSERT INTO `circulation_record` VALUES (256, '17988667500104E0', '0451CB6E', 5, '2018-06-12 15:49:19', NULL);
INSERT INTO `circulation_record` VALUES (257, '49008767500104E0', '0451CB6E', 4, '2018-06-12 15:49:28', NULL);
INSERT INTO `circulation_record` VALUES (258, '764F8667500104E0', '0451CB6E', 4, '2018-06-12 15:49:32', NULL);
INSERT INTO `circulation_record` VALUES (259, '4A9C8667500104E0', '0451CB6E', 5, '2018-06-12 15:49:36', NULL);
INSERT INTO `circulation_record` VALUES (260, 'D455B939500104E0', '0451CB6E', 5, '2018-06-12 15:49:40', NULL);
INSERT INTO `circulation_record` VALUES (261, 'C2FF8667500104E0', '0451CB6E', 5, '2018-06-12 15:49:45', NULL);
INSERT INTO `circulation_record` VALUES (262, 'B77A8767500104E0', '0451CB6E', 4, '2018-06-12 15:49:49', NULL);
INSERT INTO `circulation_record` VALUES (263, '7C9B8667500104E0', '0451CB6E', 5, '2018-06-12 15:49:55', NULL);
INSERT INTO `circulation_record` VALUES (264, 'EC7C8767500104E0', '0451CB6E', 5, '2018-06-12 15:49:59', NULL);
INSERT INTO `circulation_record` VALUES (265, '2EAF8667500104E0', '0451CB6E', 4, '2018-06-12 15:50:01', NULL);
INSERT INTO `circulation_record` VALUES (266, 'FAB08667500104E0', '0451CB6E', 5, '2018-06-12 15:50:04', NULL);
INSERT INTO `circulation_record` VALUES (267, '81988667500104E0', '0451CB6E', 4, '2018-06-12 15:50:07', NULL);
INSERT INTO `circulation_record` VALUES (268, 'D99A8667500104E0', '0451CB6E', 4, '2018-06-12 15:50:51', NULL);
INSERT INTO `circulation_record` VALUES (269, 'A86B8767500104E0', '0451CB6E', 5, '2018-06-12 15:50:56', NULL);
INSERT INTO `circulation_record` VALUES (270, '34B08667500104E0', '0451CB6E', 5, '2018-06-12 15:51:01', NULL);
INSERT INTO `circulation_record` VALUES (271, 'D9FE8667500104E0', '0451CB6E', 5, '2018-06-12 15:51:05', NULL);
INSERT INTO `circulation_record` VALUES (272, '7A9B8667500104E0', '0451CB6E', 4, '2018-06-12 15:51:08', NULL);
INSERT INTO `circulation_record` VALUES (273, '46B18667500104E0', '0451CB6E', 5, '2018-06-12 15:51:14', NULL);
INSERT INTO `circulation_record` VALUES (274, 'B04E8667500104E0', '0451CB6E', 4, '2018-06-12 15:51:20', NULL);
INSERT INTO `circulation_record` VALUES (275, 'DEFF8667500104E0', '0451CB6E', 5, '2018-06-12 15:51:43', NULL);
INSERT INTO `circulation_record` VALUES (276, '8E9A8667500104E0', '0451CB6E', 7, '2018-06-12 15:51:49', NULL);
INSERT INTO `circulation_record` VALUES (277, '0F018767500104E0', '0451CB6E', 5, '2018-06-12 15:51:53', NULL);
INSERT INTO `circulation_record` VALUES (278, 'F0AD8667500104E0', '0451CB6E', 5, '2018-06-12 15:51:58', NULL);
INSERT INTO `circulation_record` VALUES (279, 'A54F8667500104E0', '0451CB6E', 5, '2018-06-12 15:52:01', NULL);
INSERT INTO `circulation_record` VALUES (280, '2FAF8667500104E0', '0451CB6E', 4, '2018-06-12 15:52:04', NULL);
INSERT INTO `circulation_record` VALUES (281, 'FE518667500104E0', '0451CB6E', 4, '2018-06-12 15:52:07', NULL);
INSERT INTO `circulation_record` VALUES (282, '759C8667500104E0', '0451CB6E', 4, '2018-06-12 15:52:10', NULL);
INSERT INTO `circulation_record` VALUES (283, 'E9B18667500104E0', '0451CB6E', 5, '2018-06-12 15:52:13', NULL);
INSERT INTO `circulation_record` VALUES (284, '74B68767500104E0', '0451CB6E', 5, '2018-06-12 15:52:18', NULL);
INSERT INTO `circulation_record` VALUES (285, 'CD988667500104E0', '0451CB6E', 4, '2018-06-12 15:52:21', NULL);
INSERT INTO `circulation_record` VALUES (286, '367C8767500104E0', '0451CB6E', 4, '2018-06-12 15:52:25', NULL);
INSERT INTO `circulation_record` VALUES (287, '5C198767500104E0', '0451CB6E', 5, '2018-06-12 15:52:43', NULL);
INSERT INTO `circulation_record` VALUES (288, 'F7508667500104E0', '0451CB6E', 5, '2018-06-12 15:52:47', NULL);
INSERT INTO `circulation_record` VALUES (289, '2B6A8767500104E0', '0451CB6E', 2, '2018-06-12 15:52:50', NULL);
INSERT INTO `circulation_record` VALUES (290, '8A018767500104E0', '0451CB6E', 2, '2018-06-12 15:52:54', NULL);
INSERT INTO `circulation_record` VALUES (291, '6F4E8667500104E0', '0451CB6E', 4, '2018-06-12 15:52:57', NULL);
INSERT INTO `circulation_record` VALUES (292, '8D6C8767500104E0', '0451CB6E', 5, '2018-06-12 15:53:00', NULL);
INSERT INTO `circulation_record` VALUES (293, '86AD8667500104E0', '0451CB6E', 5, '2018-06-12 15:53:05', NULL);
INSERT INTO `circulation_record` VALUES (294, 'F66B8767500104E0', '0451CB6E', 4, '2018-06-12 15:53:08', NULL);
INSERT INTO `circulation_record` VALUES (295, '95AD8667500104E0', '0451CB6E', 5, '2018-06-12 15:53:12', NULL);
INSERT INTO `circulation_record` VALUES (296, '1D9A8667500104E0', '0451CB6E', 4, '2018-06-12 15:53:15', NULL);
INSERT INTO `circulation_record` VALUES (297, '0F9B8667500104E0', '0451CB6E', 5, '2018-06-12 15:53:18', NULL);
INSERT INTO `circulation_record` VALUES (298, 'E0AF8667500104E0', '0451CB6E', 4, '2018-06-12 15:53:21', NULL);
INSERT INTO `circulation_record` VALUES (299, '63988667500104E0', '0451CB6E', 4, '2018-06-12 15:53:24', NULL);
INSERT INTO `circulation_record` VALUES (300, '55B18667500104E0', '0451CB6E', 4, '2018-06-12 15:53:27', NULL);
INSERT INTO `circulation_record` VALUES (301, '3CAE8667500104E0', '0451CB6E', 4, '2018-06-12 15:53:31', NULL);
INSERT INTO `circulation_record` VALUES (302, '86AE8667500104E0', '0451CB6E', 4, '2018-06-12 15:53:33', NULL);
INSERT INTO `circulation_record` VALUES (303, '35988667500104E0', '0451CB6E', 5, '2018-06-12 15:53:36', NULL);
INSERT INTO `circulation_record` VALUES (304, 'C49B8667500104E0', '0451CB6E', 5, '2018-06-12 15:53:40', NULL);
INSERT INTO `circulation_record` VALUES (305, '01B08667500104E0', '0451CB6E', 4, '2018-06-12 15:53:43', NULL);
INSERT INTO `circulation_record` VALUES (306, '48998667500104E0', '0451CB6E', 4, '2018-06-12 15:53:46', NULL);
INSERT INTO `circulation_record` VALUES (307, '5E9C8667500104E0', '0451CB6E', 5, '2018-06-12 15:53:51', NULL);
INSERT INTO `circulation_record` VALUES (308, '434E8667500104E0', '0451CB6E', 4, '2018-06-12 15:53:55', NULL);
INSERT INTO `circulation_record` VALUES (309, 'F1B78767500104E0', '0451CB6E', 5, '2018-06-12 15:53:58', NULL);
INSERT INTO `circulation_record` VALUES (310, '7E988667500104E0', '0451CB6E', 4, '2018-06-12 15:54:02', NULL);
INSERT INTO `circulation_record` VALUES (311, '4C9A8667500104E0', '0451CB6E', 4, '2018-06-12 15:54:07', NULL);
INSERT INTO `circulation_record` VALUES (312, '24B18667500104E0', '0451CB6E', 4, '2018-06-12 15:54:11', NULL);
INSERT INTO `circulation_record` VALUES (313, '7F528667500104E0', '0451CB6E', 5, '2018-06-12 15:54:39', NULL);
INSERT INTO `circulation_record` VALUES (314, 'EFB18667500104E0', '0451CB6E', 5, '2018-06-12 15:54:43', NULL);
INSERT INTO `circulation_record` VALUES (315, 'A6198767500104E0', '0451CB6E', 5, '2018-06-12 15:54:46', NULL);
INSERT INTO `circulation_record` VALUES (316, 'AE998667500104E0', '0451CB6E', 4, '2018-06-12 15:54:50', NULL);
INSERT INTO `circulation_record` VALUES (317, '87B58767500104E0', '0451CB6E', 4, '2018-06-12 15:54:54', NULL);
INSERT INTO `circulation_record` VALUES (318, '019B8667500104E0', '0451CB6E', 5, '2018-06-12 15:54:57', NULL);
INSERT INTO `circulation_record` VALUES (319, '426C8767500104E0', '0451CB6E', 5, '2018-06-12 15:55:00', NULL);
INSERT INTO `circulation_record` VALUES (320, 'A86A8767500104E0', '0451CB6E', 4, '2018-06-12 15:55:03', NULL);
INSERT INTO `circulation_record` VALUES (321, '991C8767500104E0', '0451CB6E', 5, '2018-06-12 15:55:06', NULL);
INSERT INTO `circulation_record` VALUES (322, '979C8667500104E0', '0451CB6E', 5, '2018-06-12 15:55:09', NULL);
INSERT INTO `circulation_record` VALUES (323, 'BF4E8667500104E0', '0451CB6E', 4, '2018-06-12 15:55:12', NULL);
INSERT INTO `circulation_record` VALUES (324, '689A8667500104E0', '0451CB6E', 4, '2018-06-12 15:55:15', NULL);
INSERT INTO `circulation_record` VALUES (325, '8AB78767500104E0', '0451CB6E', 5, '2018-06-12 15:55:18', NULL);
INSERT INTO `circulation_record` VALUES (326, '4E1C8767500104E0', '0451CB6E', 4, '2018-06-12 15:55:20', NULL);
INSERT INTO `circulation_record` VALUES (327, '8B7B8767500104E0', '0451CB6E', 4, '2018-06-12 15:55:23', NULL);
INSERT INTO `circulation_record` VALUES (328, '989B8667500104E0', '0451CB6E', 4, '2018-06-12 15:55:26', NULL);
INSERT INTO `circulation_record` VALUES (329, 'A5B88767500104E0', '0451CB6E', 4, '2018-06-12 15:55:28', NULL);
INSERT INTO `circulation_record` VALUES (330, 'BA7B8767500104E0', '0451CB6E', 4, '2018-06-12 15:55:31', NULL);
INSERT INTO `circulation_record` VALUES (331, '0E6A8767500104E0', '0451CB6E', 4, '2018-06-12 15:55:34', NULL);
INSERT INTO `circulation_record` VALUES (332, '4E9B8667500104E0', '0451CB6E', 4, '2018-06-12 15:55:36', NULL);
INSERT INTO `circulation_record` VALUES (333, '78AF8667500104E0', '0451CB6E', 5, '2018-06-12 15:55:39', NULL);
INSERT INTO `circulation_record` VALUES (334, 'B69A8667500104E0', '0451CB6E', 4, '2018-06-12 15:55:42', NULL);
INSERT INTO `circulation_record` VALUES (335, '4A518667500104E0', '0451CB6E', 4, '2018-06-12 15:55:46', NULL);
INSERT INTO `circulation_record` VALUES (336, '91688767500104E0', '0451CB6E', 5, '2018-06-12 15:55:49', NULL);
INSERT INTO `circulation_record` VALUES (337, 'ED028767500104E0', '0451CB6E', 5, '2018-06-12 15:55:55', NULL);
INSERT INTO `circulation_record` VALUES (338, 'D3AE8667500104E0', '0451CB6E', 5, '2018-06-12 15:55:58', NULL);
INSERT INTO `circulation_record` VALUES (339, 'A64F8667500104E0', '0451CB6E', 5, '2018-06-12 15:56:00', NULL);
INSERT INTO `circulation_record` VALUES (340, 'D2028767500104E0', '0451CB6E', 4, '2018-06-12 15:56:16', NULL);
INSERT INTO `circulation_record` VALUES (341, 'DB688767500104E0', '0451CB6E', 5, '2018-06-12 15:56:20', NULL);
INSERT INTO `circulation_record` VALUES (342, '3F3AB939500104E0', '0451CB6E', 4, '2018-06-12 15:56:48', NULL);
INSERT INTO `circulation_record` VALUES (343, '6C508667500104E0', '0451CB6E', 5, '2018-06-12 15:56:53', NULL);
INSERT INTO `circulation_record` VALUES (344, '66B88767500104E0', '0451CB6E', 5, '2018-06-12 15:57:42', NULL);
INSERT INTO `circulation_record` VALUES (345, '677A8767500104E0', '0451CB6E', 4, '2018-06-12 15:57:46', NULL);
INSERT INTO `circulation_record` VALUES (346, '279C8667500104E0', '0451CB6E', 4, '2018-06-12 15:57:53', NULL);
INSERT INTO `circulation_record` VALUES (347, '5D9B8667500104E0', '0451CB6E', 5, '2018-06-12 15:57:56', NULL);
INSERT INTO `circulation_record` VALUES (348, '2D1A8767500104E0', '0451CB6E', 4, '2018-06-12 15:57:59', NULL);
INSERT INTO `circulation_record` VALUES (349, '12028767500104E0', '0451CB6E', 4, '2018-06-12 15:58:02', NULL);
INSERT INTO `circulation_record` VALUES (350, 'BF7B8767500104E0', '0451CB6E', 2, '2018-06-12 15:58:06', NULL);
INSERT INTO `circulation_record` VALUES (351, '5EB08667500104E0', '0451CB6E', 4, '2018-06-12 15:58:09', NULL);
INSERT INTO `circulation_record` VALUES (352, '381B8767500104E0', '0451CB6E', 4, '2018-06-12 15:58:13', NULL);
INSERT INTO `circulation_record` VALUES (353, 'C04E8667500104E0', '0451CB6E', 5, '2018-06-12 15:58:16', NULL);
INSERT INTO `circulation_record` VALUES (354, '4C018767500104E0', '0451CB6E', 4, '2018-06-12 15:58:21', NULL);
INSERT INTO `circulation_record` VALUES (355, '1D008767500104E0', '0451CB6E', 5, '2018-06-12 15:58:24', NULL);
INSERT INTO `circulation_record` VALUES (356, '37988667500104E0', '0451CB6E', 5, '2018-06-12 15:58:26', NULL);
INSERT INTO `circulation_record` VALUES (357, 'C8AF8667500104E0', '0451CB6E', 5, '2018-06-12 15:58:30', NULL);
INSERT INTO `circulation_record` VALUES (358, '6B998667500104E0', '0451CB6E', 5, '2018-06-12 15:58:33', NULL);
INSERT INTO `circulation_record` VALUES (359, '9D008767500104E0', '0451CB6E', 4, '2018-06-12 15:58:36', NULL);
INSERT INTO `circulation_record` VALUES (360, '0DB68767500104E0', '0451CB6E', 5, '2018-06-12 15:58:39', NULL);
INSERT INTO `circulation_record` VALUES (361, '377E8767500104E0', '0451CB6E', 5, '2018-06-12 15:58:42', NULL);
INSERT INTO `circulation_record` VALUES (362, '20998667500104E0', '0451CB6E', 5, '2018-06-12 15:58:45', NULL);
INSERT INTO `circulation_record` VALUES (363, 'D5AE8667500104E0', '0451CB6E', 5, '2018-06-12 15:58:48', NULL);
INSERT INTO `circulation_record` VALUES (364, '8A4B8667500104E0', '0451CB6E', 5, '2018-06-12 15:58:50', NULL);
INSERT INTO `circulation_record` VALUES (365, '7C528667500104E0', '0451CB6E', 4, '2018-06-12 15:58:53', NULL);
INSERT INTO `circulation_record` VALUES (366, '24698767500104E0', '0451CB6E', 4, '2018-06-12 15:58:56', NULL);
INSERT INTO `circulation_record` VALUES (367, 'A5B18667500104E0', '0451CB6E', 5, '2018-06-12 15:58:58', NULL);
INSERT INTO `circulation_record` VALUES (368, 'CA198767500104E0', '0451CB6E', 5, '2018-06-12 15:59:03', NULL);
INSERT INTO `circulation_record` VALUES (369, '224A8667500104E0', '0451CB6E', 4, '2018-06-12 15:59:07', NULL);
INSERT INTO `circulation_record` VALUES (370, '41508667500104E0', '0451CB6E', 5, '2018-06-12 16:00:02', NULL);
INSERT INTO `circulation_record` VALUES (371, '2D9B8667500104E0', '0451CB6E', 5, '2018-06-12 16:00:05', NULL);
INSERT INTO `circulation_record` VALUES (372, 'B2AE8667500104E0', '0451CB6E', 4, '2018-06-12 16:00:08', NULL);
INSERT INTO `circulation_record` VALUES (373, '384F8667500104E0', '0451CB6E', 5, '2018-06-12 16:00:11', NULL);
INSERT INTO `circulation_record` VALUES (374, 'E9508667500104E0', '0451CB6E', 5, '2018-06-12 16:00:13', NULL);
INSERT INTO `circulation_record` VALUES (375, '2F528667500104E0', '0451CB6E', 4, '2018-06-12 16:00:16', NULL);
INSERT INTO `circulation_record` VALUES (376, 'A4988667500104E0', '0451CB6E', 5, '2018-06-12 16:00:19', NULL);
INSERT INTO `circulation_record` VALUES (377, 'E09B8667500104E0', '0451CB6E', 5, '2018-06-12 16:00:21', NULL);
INSERT INTO `circulation_record` VALUES (378, '4B9A8667500104E0', '0451CB6E', 5, '2018-06-12 16:00:24', NULL);
INSERT INTO `circulation_record` VALUES (379, 'E2998667500104E0', '0451CB6E', 5, '2018-06-12 16:00:27', NULL);
INSERT INTO `circulation_record` VALUES (380, '5C028767500104E0', '0451CB6E', 5, '2018-06-12 16:00:30', NULL);
INSERT INTO `circulation_record` VALUES (381, '5AB58767500104E0', '0451CB6E', 5, '2018-06-12 16:00:33', NULL);
INSERT INTO `circulation_record` VALUES (382, '67FF8667500104E0', '0451CB6E', 5, '2018-06-12 16:00:36', NULL);
INSERT INTO `circulation_record` VALUES (383, '20038767500104E0', '0451CB6E', 4, '2018-06-12 16:00:38', NULL);
INSERT INTO `circulation_record` VALUES (384, '119C8667500104E0', '0451CB6E', 5, '2018-06-12 16:00:41', NULL);
INSERT INTO `circulation_record` VALUES (385, '136B8767500104E0', '0451CB6E', 4, '2018-06-12 16:00:43', NULL);
INSERT INTO `circulation_record` VALUES (386, 'A3AD8667500104E0', '0451CB6E', 5, '2018-06-12 16:00:46', NULL);
INSERT INTO `circulation_record` VALUES (387, 'C7018767500104E0', '0451CB6E', 5, '2018-06-12 16:00:49', NULL);
INSERT INTO `circulation_record` VALUES (388, 'C81B8767500104E0', '0451CB6E', 5, '2018-06-12 16:00:52', NULL);
INSERT INTO `circulation_record` VALUES (389, '92998667500104E0', '0451CB6E', 4, '2018-06-12 16:00:54', NULL);
INSERT INTO `circulation_record` VALUES (390, '364F8667500104E0', '0451CB6E', 4, '2018-06-12 16:00:57', NULL);
INSERT INTO `circulation_record` VALUES (391, '397D8767500104E0', '0451CB6E', 4, '2018-06-12 16:01:00', NULL);
INSERT INTO `circulation_record` VALUES (392, '62028767500104E0', '0451CB6E', 4, '2018-06-12 16:01:03', NULL);
INSERT INTO `circulation_record` VALUES (393, '74518667500104E0', '0451CB6E', 5, '2018-06-12 16:01:06', NULL);
INSERT INTO `circulation_record` VALUES (394, '5B37B939500104E0', '0451CB6E', 4, '2018-06-12 16:01:09', NULL);
INSERT INTO `circulation_record` VALUES (395, 'A0B18667500104E0', '0451CB6E', 4, '2018-06-12 16:01:12', NULL);
INSERT INTO `circulation_record` VALUES (396, '0C9C8667500104E0', '0451CB6E', 5, '2018-06-12 16:01:46', NULL);
INSERT INTO `circulation_record` VALUES (397, '0A4F8667500104E0', '0451CB6E', 5, '2018-06-12 16:01:50', NULL);
INSERT INTO `circulation_record` VALUES (398, '66FF8667500104E0', '0451CB6E', 4, '2018-06-12 16:01:52', NULL);
INSERT INTO `circulation_record` VALUES (399, 'E19A8667500104E0', '0451CB6E', 5, '2018-06-12 16:01:55', NULL);
INSERT INTO `circulation_record` VALUES (400, '01018767500104E0', '0451CB6E', 5, '2018-06-12 16:01:58', NULL);
INSERT INTO `circulation_record` VALUES (401, '22688767500104E0', '0451CB6E', 5, '2018-06-12 16:02:01', NULL);
INSERT INTO `circulation_record` VALUES (402, 'F8508667500104E0', '0451CB6E', 4, '2018-06-12 16:02:04', NULL);
INSERT INTO `circulation_record` VALUES (403, '744F8667500104E0', '0451CB6E', 5, '2018-06-12 16:02:06', NULL);
INSERT INTO `circulation_record` VALUES (404, '73698767500104E0', '0451CB6E', 5, '2018-06-12 16:02:09', NULL);
INSERT INTO `circulation_record` VALUES (405, 'CAFE8667500104E0', '0451CB6E', 5, '2018-06-12 16:02:11', NULL);
INSERT INTO `circulation_record` VALUES (406, '307B8767500104E0', '0451CB6E', 5, '2018-06-12 16:02:14', NULL);
INSERT INTO `circulation_record` VALUES (407, '91B08667500104E0', '0451CB6E', 4, '2018-06-12 16:02:17', NULL);
INSERT INTO `circulation_record` VALUES (408, 'D2498667500104E0', '0451CB6E', 5, '2018-06-12 16:02:20', NULL);
INSERT INTO `circulation_record` VALUES (409, 'F3AE8667500104E0', '0451CB6E', 4, '2018-06-12 16:02:23', NULL);
INSERT INTO `circulation_record` VALUES (410, 'BDB08667500104E0', '0451CB6E', 4, '2018-06-12 16:02:26', NULL);
INSERT INTO `circulation_record` VALUES (411, '1DB88767500104E0', '0451CB6E', 5, '2018-06-12 16:02:28', NULL);
INSERT INTO `circulation_record` VALUES (412, '771A8767500104E0', '0451CB6E', 5, '2018-06-12 16:02:31', NULL);
INSERT INTO `circulation_record` VALUES (413, '489C8667500104E0', '0451CB6E', 4, '2018-06-12 16:03:45', NULL);
INSERT INTO `circulation_record` VALUES (414, 'AB028767500104E0', '0451CB6E', 5, '2018-06-12 16:03:48', NULL);
INSERT INTO `circulation_record` VALUES (415, '667D8767500104E0', '0451CB6E', 5, '2018-06-12 16:03:50', NULL);
INSERT INTO `circulation_record` VALUES (416, 'B49A8667500104E0', '0451CB6E', 5, '2018-06-12 16:04:14', NULL);
INSERT INTO `circulation_record` VALUES (417, '39038767500104E0', '0451CB6E', 5, '2018-06-12 16:04:17', NULL);
INSERT INTO `circulation_record` VALUES (418, '3CB08667500104E0', '0451CB6E', 4, '2018-06-12 16:04:20', NULL);
INSERT INTO `circulation_record` VALUES (419, '801C8767500104E0', '0451CB6E', 4, '2018-06-12 16:04:23', NULL);
INSERT INTO `circulation_record` VALUES (420, '6B508667500104E0', '0451CB6E', 4, '2018-06-12 16:04:26', NULL);
INSERT INTO `circulation_record` VALUES (421, 'C3698767500104E0', '0451CB6E', 5, '2018-06-12 16:04:29', NULL);
INSERT INTO `circulation_record` VALUES (422, '47FF8667500104E0', '0451CB6E', 5, '2018-06-12 16:05:00', NULL);
INSERT INTO `circulation_record` VALUES (423, '1F56B939500104E0', '0451CB6E', 5, '2018-06-12 16:05:03', NULL);
INSERT INTO `circulation_record` VALUES (424, '79AF8667500104E0', '0451CB6E', 4, '2018-06-12 16:05:05', NULL);
INSERT INTO `circulation_record` VALUES (425, '0B4F8667500104E0', '0451CB6E', 5, '2018-06-12 16:05:08', NULL);
INSERT INTO `circulation_record` VALUES (426, '9A508667500104E0', '0451CB6E', 5, '2018-06-12 16:05:12', NULL);
INSERT INTO `circulation_record` VALUES (427, '397A8767500104E0', '0451CB6E', 5, '2018-06-12 16:05:15', NULL);
INSERT INTO `circulation_record` VALUES (428, '47B18667500104E0', '0451CB6E', 5, '2018-06-12 16:05:18', NULL);
INSERT INTO `circulation_record` VALUES (429, 'CE1A8767500104E0', '0451CB6E', 4, '2018-06-12 16:05:22', NULL);
INSERT INTO `circulation_record` VALUES (430, '5E6B8767500104E0', '0451CB6E', 4, '2018-06-12 16:05:24', NULL);
INSERT INTO `circulation_record` VALUES (431, '141A8767500104E0', '0451CB6E', 5, '2018-06-12 16:05:27', NULL);
INSERT INTO `circulation_record` VALUES (432, 'E31C8767500104E0', '0451CB6E', 4, '2018-06-12 16:05:29', NULL);
INSERT INTO `circulation_record` VALUES (433, 'A8508667500104E0', '0451CB6E', 4, '2018-06-12 16:05:32', NULL);
INSERT INTO `circulation_record` VALUES (434, '18FF8667500104E0', '0451CB6E', 5, '2018-06-12 16:05:35', NULL);
INSERT INTO `circulation_record` VALUES (435, '9E9B8667500104E0', '0451CB6E', 5, '2018-06-12 16:05:37', NULL);
INSERT INTO `circulation_record` VALUES (436, '64998667500104E0', '0451CB6E', 5, '2018-06-12 16:05:40', NULL);
INSERT INTO `circulation_record` VALUES (437, '67B08667500104E0', '0451CB6E', 5, '2018-06-12 16:05:42', NULL);
INSERT INTO `circulation_record` VALUES (438, '979A8667500104E0', '0451CB6E', 5, '2018-06-12 16:05:44', NULL);
INSERT INTO `circulation_record` VALUES (439, '92518667500104E0', '0451CB6E', 5, '2018-06-12 16:06:06', NULL);
INSERT INTO `circulation_record` VALUES (440, '969C8667500104E0', '0451CB6E', 5, '2018-06-12 16:06:09', NULL);
INSERT INTO `circulation_record` VALUES (441, 'CB508667500104E0', '0451CB6E', 5, '2018-06-12 16:06:18', NULL);
INSERT INTO `circulation_record` VALUES (442, '1B9A8667500104E0', '0451CB6E', 5, '2018-06-12 16:06:21', NULL);
INSERT INTO `circulation_record` VALUES (443, '55FF8667500104E0', '0451CB6E', 5, '2018-06-12 16:06:23', NULL);
INSERT INTO `circulation_record` VALUES (444, 'AD7D8767500104E0', '0451CB6E', 1, '2018-06-12 16:24:03', NULL);
INSERT INTO `circulation_record` VALUES (445, '596A8767500104E0', '0451CB6E', 1, '2018-06-12 16:24:12', NULL);
INSERT INTO `circulation_record` VALUES (446, '5B018767500104E0', '0451CB6E', 1, '2018-06-12 16:24:16', NULL);
INSERT INTO `circulation_record` VALUES (447, '801B8767500104E0', '0451CB6E', 1, '2018-06-12 16:24:21', NULL);
INSERT INTO `circulation_record` VALUES (448, '34988667500104E0', '0451CB6E', 1, '2018-06-12 16:24:25', NULL);
INSERT INTO `circulation_record` VALUES (449, 'F14F8667500104E0', '0451CB6E', 1, '2018-06-12 16:24:29', NULL);
INSERT INTO `circulation_record` VALUES (450, 'C8188767500104E0', '0451CB6E', 1, '2018-06-12 16:24:33', NULL);
INSERT INTO `circulation_record` VALUES (451, 'DF4E8667500104E0', '0451CB6E', 1, '2018-06-12 16:24:37', NULL);
INSERT INTO `circulation_record` VALUES (452, '77B88767500104E0', '0451CB6E', 1, '2018-06-23 09:05:54', NULL);
INSERT INTO `circulation_record` VALUES (453, '77B88767500104E0', '0451CB6E', 3, '2018-06-23 09:05:58', NULL);
INSERT INTO `circulation_record` VALUES (454, '259B8667500104E0', '0451CB6E', 1, '2018-06-23 09:06:23', NULL);
INSERT INTO `circulation_record` VALUES (455, '30B88767500104E0', '0451CB6E', 1, '2018-06-23 09:06:36', NULL);
INSERT INTO `circulation_record` VALUES (456, '47518667500104E0', '0451CB6E', 1, '2018-06-23 09:06:43', NULL);
INSERT INTO `circulation_record` VALUES (457, 'BFB78767500104E0', '0451CB6E', 1, '2018-06-23 09:06:49', NULL);
INSERT INTO `circulation_record` VALUES (458, 'FE4B8667500104E0', '0451CB6E', 1, '2018-06-23 09:07:36', NULL);
INSERT INTO `circulation_record` VALUES (459, 'FE4B8667500104E0', '0451CB6E', 3, '2018-06-23 09:07:36', NULL);
INSERT INTO `circulation_record` VALUES (460, 'FE4B8667500104E0', '0451CB6E', 3, '2018-06-23 09:07:37', NULL);
INSERT INTO `circulation_record` VALUES (461, 'E6B78767500104E0', '0451CB6E', 1, '2018-06-23 09:07:47', NULL);
INSERT INTO `circulation_record` VALUES (462, '8DB78767500104E0', '0451CB6E', 1, '2018-06-23 09:07:59', NULL);
INSERT INTO `circulation_record` VALUES (463, '114D8667500104E0', '0451CB6E', 1, '2018-06-23 09:08:05', NULL);
INSERT INTO `circulation_record` VALUES (464, '31B58767500104E0', '0451CB6E', 1, '2018-06-23 09:08:09', NULL);
INSERT INTO `circulation_record` VALUES (465, '3D4B8667500104E0', '0451CB6E', 1, '2018-06-23 09:08:14', NULL);
INSERT INTO `circulation_record` VALUES (466, 'C6B68767500104E0', '0451CB6E', 1, '2018-06-23 09:08:20', NULL);
INSERT INTO `circulation_record` VALUES (467, '12508667500104E0', '0451CB6E', 4, '2018-09-04 13:16:11', NULL);
INSERT INTO `circulation_record` VALUES (468, 'B4798767500104E0', '0451CB6E', 4, '2018-09-04 13:16:20', NULL);
INSERT INTO `circulation_record` VALUES (469, '54B18667500104E0', '0451CB6E', 4, '2018-09-04 13:16:26', NULL);
INSERT INTO `circulation_record` VALUES (470, '4E9B8667500104E0', '0451CB6E', 4, '2018-09-04 13:16:35', NULL);
INSERT INTO `circulation_record` VALUES (471, 'E0AF8667500104E0', '0451CB6E', 4, '2018-09-04 13:16:52', NULL);
INSERT INTO `circulation_record` VALUES (472, 'BF4E8667500104E0', '0451CB6E', 4, '2018-09-04 13:16:59', NULL);
INSERT INTO `circulation_record` VALUES (473, '6B508667500104E0', '33A2A1E3', 1, '2018-09-05 13:05:48', NULL);
INSERT INTO `circulation_record` VALUES (474, '3CB08667500104E0', 'C3CD84E3', 1, '2018-09-05 13:06:08', NULL);
INSERT INTO `circulation_record` VALUES (475, '384F8667500104E0', '6BEEC859', 1, '2018-09-05 13:06:27', NULL);
INSERT INTO `circulation_record` VALUES (476, '5C028767500104E0', '33CB88E3', 1, '2018-09-05 13:06:37', NULL);
INSERT INTO `circulation_record` VALUES (477, '136B8767500104E0', '6347C0E3', 1, '2018-09-05 13:06:47', NULL);
INSERT INTO `circulation_record` VALUES (478, 'E2998667500104E0', '43C795E3', 1, '2018-09-05 13:06:58', NULL);
INSERT INTO `circulation_record` VALUES (479, 'C3698767500104E0', '2BB3B659', 1, '2018-09-05 13:08:05', NULL);
INSERT INTO `circulation_record` VALUES (480, '0FB08667500104E0', '8B1DC959', 1, '2018-09-05 13:08:22', NULL);
INSERT INTO `circulation_record` VALUES (481, '39038767500104E0', '03CB94E3', 1, '2018-09-05 13:08:41', NULL);
INSERT INTO `circulation_record` VALUES (482, '667D8767500104E0', 'CB88BB59', 1, '2018-09-05 13:08:53', NULL);
INSERT INTO `circulation_record` VALUES (483, 'FA998667500104E0', '83F3B4E3', 1, '2018-09-05 13:09:01', NULL);
INSERT INTO `circulation_record` VALUES (484, 'AFB08667500104E0', '138AB9E3', 1, '2018-09-05 13:09:13', NULL);
INSERT INTO `circulation_record` VALUES (485, '1C9A8667500104E0', '6B17B659', 1, '2018-09-05 13:09:23', NULL);
INSERT INTO `circulation_record` VALUES (486, 'B7008767500104E0', 'D30EA2E3', 1, '2018-09-05 13:09:32', NULL);
INSERT INTO `circulation_record` VALUES (487, '801C8767500104E0', 'EB3ABC59', 1, '2018-09-05 13:09:41', NULL);
INSERT INTO `circulation_record` VALUES (488, 'D2498667500104E0', '8B1ACA59', 1, '2018-09-05 13:10:48', NULL);
INSERT INTO `circulation_record` VALUES (489, 'B2AE8667500104E0', '1B68C359', 1, '2018-09-05 13:10:57', NULL);
INSERT INTO `circulation_record` VALUES (490, '489C8667500104E0', 'C32CC0E3', 1, '2018-09-05 13:11:10', NULL);
INSERT INTO `circulation_record` VALUES (491, '1DB88767500104E0', '535892E3', 1, '2018-09-05 13:11:29', NULL);
INSERT INTO `circulation_record` VALUES (492, '1DB88767500104E0', '535892E3', 3, '2018-09-05 13:11:29', NULL);
INSERT INTO `circulation_record` VALUES (493, '1DB88767500104E0', '535892E3', 3, '2018-09-05 13:11:34', NULL);
INSERT INTO `circulation_record` VALUES (494, '1DB88767500104E0', '535892E3', 2, '2018-09-05 13:11:48', NULL);
INSERT INTO `circulation_record` VALUES (495, '1DB88767500104E0', '535892E3', 1, '2018-09-05 13:11:57', NULL);
INSERT INTO `circulation_record` VALUES (496, '801C8767500104E0', 'EB3ABC59', 2, '2018-09-05 13:12:16', NULL);
INSERT INTO `circulation_record` VALUES (497, 'B49A8667500104E0', 'EB3ABC59', 1, '2018-09-05 13:12:24', NULL);
INSERT INTO `circulation_record` VALUES (498, 'B7008767500104E0', 'D30EA2E3', 2, '2018-09-05 13:47:35', NULL);
INSERT INTO `circulation_record` VALUES (499, '5AB58767500104E0', 'D30EA2E3', 4, '2018-09-05 13:48:56', NULL);
INSERT INTO `circulation_record` VALUES (500, '5AB58767500104E0', 'D30EA2E3', 1, '2018-09-05 13:49:03', NULL);
INSERT INTO `circulation_record` VALUES (501, '6C508667500104E0', '93CDC7E3', 1, '2018-09-05 13:55:20', NULL);
INSERT INTO `circulation_record` VALUES (502, '41508667500104E0', 'C3FF96E3', 1, '2018-09-05 13:55:43', NULL);
INSERT INTO `circulation_record` VALUES (503, 'E4FF8667500104E0', '6B04B759', 1, '2018-09-05 13:57:13', NULL);
INSERT INTO `circulation_record` VALUES (504, 'BDB08667500104E0', 'A3E596E3', 1, '2018-09-05 13:57:32', NULL);
INSERT INTO `circulation_record` VALUES (505, '614E8667500104E0', '5B28C959', 1, '2018-09-05 13:57:46', NULL);
INSERT INTO `circulation_record` VALUES (506, '2D9B8667500104E0', '0396A3E3', 1, '2018-09-05 13:57:56', NULL);
INSERT INTO `circulation_record` VALUES (507, '771A8767500104E0', '13BB89E3', 1, '2018-09-05 13:58:06', NULL);
INSERT INTO `circulation_record` VALUES (508, 'F3AE8667500104E0', '535A9CE3', 1, '2018-09-05 13:58:24', NULL);
INSERT INTO `circulation_record` VALUES (509, 'A86B8767500104E0', '835789E3', 1, '2018-09-05 13:58:35', NULL);
INSERT INTO `circulation_record` VALUES (510, '7A9B8667500104E0', '230BC2E3', 1, '2018-09-05 13:58:59', NULL);
INSERT INTO `circulation_record` VALUES (511, 'D9FE8667500104E0', 'D3667EE3', 1, '2018-09-05 13:59:09', NULL);
INSERT INTO `circulation_record` VALUES (512, '34B08667500104E0', '4B05CA59', 1, '2018-09-05 13:59:20', NULL);
INSERT INTO `circulation_record` VALUES (513, 'CD988667500104E0', 'C3058CE3', 1, '2018-09-05 14:00:16', NULL);
INSERT INTO `circulation_record` VALUES (514, 'C2FF8667500104E0', '2BB2BB59', 1, '2018-09-05 14:41:05', NULL);
INSERT INTO `circulation_record` VALUES (515, 'C2FF8667500104E0', '2BB2BB59', 3, '2018-09-05 14:41:16', NULL);
INSERT INTO `circulation_record` VALUES (516, 'C2FF8667500104E0', '2BB2BB59', 2, '2018-09-05 14:41:23', NULL);
INSERT INTO `circulation_record` VALUES (517, 'C2FF8667500104E0', '2BB2BB59', 1, '2018-09-05 14:41:27', NULL);
INSERT INTO `circulation_record` VALUES (518, '8BAD8667500104E0', '7B07C959', 1, '2018-09-05 14:56:52', NULL);
INSERT INTO `circulation_record` VALUES (519, '17B28667500104E0', '23EE88E3', 1, '2018-09-05 14:57:06', NULL);
INSERT INTO `circulation_record` VALUES (520, '17B28667500104E0', '23EE88E3', 3, '2018-09-05 14:57:09', NULL);
INSERT INTO `circulation_record` VALUES (521, 'A9508667500104E0', 'F3A0CBE3', 1, '2018-09-05 14:57:16', NULL);
INSERT INTO `circulation_record` VALUES (522, 'D99A8667500104E0', '73A0BBE3', 1, '2018-09-05 14:58:17', NULL);
INSERT INTO `circulation_record` VALUES (523, 'EE1A8767500104E0', '538B8EE3', 1, '2018-09-05 14:58:31', NULL);
INSERT INTO `circulation_record` VALUES (524, '764F8667500104E0', 'F394BAE3', 1, '2018-09-05 14:58:43', NULL);
INSERT INTO `circulation_record` VALUES (525, '367C8767500104E0', '235196E3', 1, '2018-09-05 14:59:12', NULL);
INSERT INTO `circulation_record` VALUES (526, '74B68767500104E0', '33B389E3', 1, '2018-09-05 14:59:24', NULL);
INSERT INTO `circulation_record` VALUES (527, '0F018767500104E0', 'CBABBC59', 1, '2018-09-05 14:59:37', NULL);
INSERT INTO `circulation_record` VALUES (528, '759C8667500104E0', 'F38B95E3', 1, '2018-09-05 14:59:53', NULL);
INSERT INTO `circulation_record` VALUES (529, 'F0AD8667500104E0', '8339B3E3', 1, '2018-09-05 15:00:46', NULL);
INSERT INTO `circulation_record` VALUES (530, '2FAF8667500104E0', '930789E3', 1, '2018-09-05 15:01:05', NULL);
INSERT INTO `circulation_record` VALUES (531, '46B18667500104E0', '3BB4B659', 1, '2018-09-05 15:01:54', NULL);
INSERT INTO `circulation_record` VALUES (532, 'DEFF8667500104E0', 'F3ACA2E3', 1, '2018-09-05 15:02:39', NULL);
INSERT INTO `circulation_record` VALUES (533, 'F0AD8667500104E0', '8339B3E3', 2, '2018-09-05 15:08:07', NULL);
INSERT INTO `circulation_record` VALUES (534, 'C81B8767500104E0', '8339B3E3', 1, '2018-09-05 15:10:20', NULL);
INSERT INTO `circulation_record` VALUES (535, '9E9B8667500104E0', 'CB4AC259', 1, '2018-09-05 15:54:38', NULL);
INSERT INTO `circulation_record` VALUES (536, '9E9B8667500104E0', 'CB4AC259', 3, '2018-09-05 15:54:45', NULL);
INSERT INTO `circulation_record` VALUES (537, 'C04E8667500104E0', '93ECA9E3', 1, '2018-09-05 15:54:52', NULL);
INSERT INTO `circulation_record` VALUES (538, '397D8767500104E0', '63CDC7E3', 1, '2018-09-05 15:55:20', NULL);
INSERT INTO `circulation_record` VALUES (539, '979A8667500104E0', '93A9ADE3', 1, '2018-09-05 15:55:43', NULL);
INSERT INTO `circulation_record` VALUES (540, '1B9A8667500104E0', '336095E3', 1, '2018-09-05 15:56:03', NULL);
INSERT INTO `circulation_record` VALUES (541, '24698767500104E0', '430DB3E3', 1, '2018-09-05 15:56:24', NULL);
INSERT INTO `circulation_record` VALUES (542, '1F56B939500104E0', '1373CBE3', 1, '2018-09-05 15:56:40', NULL);
INSERT INTO `circulation_record` VALUES (543, 'B4798767500104E0', '2359C1E3', 1, '2018-09-05 15:57:04', NULL);
INSERT INTO `circulation_record` VALUES (544, '141A8767500104E0', 'C35789E3', 1, '2018-09-05 15:57:20', NULL);
INSERT INTO `circulation_record` VALUES (545, '397D8767500104E0', '63CDC7E3', 2, '2018-09-05 16:07:09', NULL);
INSERT INTO `circulation_record` VALUES (546, '2D1A8767500104E0', '63CDC7E3', 1, '2018-09-05 16:07:22', NULL);
INSERT INTO `circulation_record` VALUES (547, '30B88767500104E0', 'AB53C359', 3, '2018-09-06 14:51:59', NULL);
INSERT INTO `circulation_record` VALUES (548, '30B88767500104E0', 'AB53C359', 2, '2018-09-06 14:52:07', NULL);
INSERT INTO `circulation_record` VALUES (549, '30B88767500104E0', 'AB53C359', 1, '2018-09-06 14:52:13', NULL);
INSERT INTO `circulation_record` VALUES (550, 'E0AF8667500104E0', '13879CE3', 1, '2018-09-06 14:52:33', NULL);
INSERT INTO `circulation_record` VALUES (551, '5D9B8667500104E0', '5B78C259', 1, '2018-09-06 14:52:57', NULL);
INSERT INTO `circulation_record` VALUES (552, '79AF8667500104E0', '93DDB4E3', 1, '2018-09-06 14:53:09', NULL);
INSERT INTO `circulation_record` VALUES (553, '31B58767500104E0', '6B1CC959', 3, '2018-09-06 14:53:20', NULL);
INSERT INTO `circulation_record` VALUES (554, '31B58767500104E0', '6B1CC959', 2, '2018-09-06 14:53:26', NULL);
INSERT INTO `circulation_record` VALUES (555, '31B58767500104E0', '6B1CC959', 1, '2018-09-06 14:53:30', NULL);
INSERT INTO `circulation_record` VALUES (556, 'BF4E8667500104E0', 'E38275E3', 1, '2018-09-06 14:53:40', NULL);
INSERT INTO `circulation_record` VALUES (557, '5E4D8667500104E0', '8312B5E3', 1, '2018-09-06 14:53:49', NULL);
INSERT INTO `circulation_record` VALUES (558, '20998667500104E0', '7B02B759', 1, '2018-09-06 14:54:03', NULL);
INSERT INTO `circulation_record` VALUES (559, '381B8767500104E0', '7B02B759', 1, '2018-09-06 14:54:29', NULL);
INSERT INTO `circulation_record` VALUES (560, '381B8767500104E0', 'B3B2A8E3', 3, '2018-09-06 14:54:48', NULL);
INSERT INTO `circulation_record` VALUES (561, '381B8767500104E0', 'B3B2A8E3', 3, '2018-09-06 14:54:56', NULL);
INSERT INTO `circulation_record` VALUES (562, '381B8767500104E0', 'B3B2A8E3', 2, '2018-09-06 14:55:00', NULL);
INSERT INTO `circulation_record` VALUES (563, '381B8767500104E0', 'B3B2A8E3', 1, '2018-09-06 14:55:03', NULL);
INSERT INTO `circulation_record` VALUES (564, '279C8667500104E0', '93048FE3', 1, '2018-09-06 14:56:18', NULL);
INSERT INTO `circulation_record` VALUES (565, 'FE4B8667500104E0', 'E3069DE3', 3, '2018-09-06 14:57:49', NULL);
INSERT INTO `circulation_record` VALUES (566, 'FE4B8667500104E0', 'E3069DE3', 2, '2018-09-06 14:57:55', NULL);
INSERT INTO `circulation_record` VALUES (567, 'FE4B8667500104E0', 'E3069DE3', 1, '2018-09-06 14:57:58', NULL);
INSERT INTO `circulation_record` VALUES (568, '54B18667500104E0', '732D91E3', 1, '2018-09-06 14:58:11', NULL);
INSERT INTO `circulation_record` VALUES (569, 'A54F8667500104E0', '833B92E3', 1, '2018-09-06 14:58:22', NULL);
INSERT INTO `circulation_record` VALUES (570, 'A5B18667500104E0', 'BB03C959', 1, '2018-09-06 14:58:35', NULL);
INSERT INTO `circulation_record` VALUES (571, '8E9A8667500104E0', 'E3AE95E3', 6, '2018-09-06 14:58:44', NULL);
INSERT INTO `circulation_record` VALUES (572, '8E9A8667500104E0', 'E3AE95E3', 7, '2018-09-06 14:58:54', NULL);
INSERT INTO `circulation_record` VALUES (573, 'BFB78767500104E0', 'E3AE95E3', 3, '2018-09-06 14:59:07', NULL);
INSERT INTO `circulation_record` VALUES (574, 'BFB78767500104E0', 'E3AE95E3', 2, '2018-09-06 14:59:12', NULL);
INSERT INTO `circulation_record` VALUES (575, 'BFB78767500104E0', 'E3AE95E3', 1, '2018-09-06 14:59:15', NULL);
INSERT INTO `circulation_record` VALUES (576, '7EAF8667500104E0', 'E387C6E3', 3, '2018-09-06 14:59:24', NULL);
INSERT INTO `circulation_record` VALUES (577, '7EAF8667500104E0', 'E387C6E3', 2, '2018-09-06 14:59:28', NULL);
INSERT INTO `circulation_record` VALUES (578, '7EAF8667500104E0', 'E387C6E3', 1, '2018-09-06 14:59:31', NULL);
INSERT INTO `circulation_record` VALUES (579, 'B04E8667500104E0', 'B359C1E3', 1, '2018-09-06 15:00:10', NULL);
INSERT INTO `circulation_record` VALUES (580, '8A4B8667500104E0', 'E3018CE3', 1, '2018-09-06 15:02:24', NULL);
INSERT INTO `circulation_record` VALUES (581, 'DB688767500104E0', '9BF5C959', 1, '2018-09-06 15:02:37', NULL);
INSERT INTO `circulation_record` VALUES (582, '77B88767500104E0', '83F589E3', 3, '2018-09-06 15:02:53', NULL);
INSERT INTO `circulation_record` VALUES (583, '77B88767500104E0', '83F589E3', 3, '2018-09-06 15:02:59', NULL);
INSERT INTO `circulation_record` VALUES (584, '77B88767500104E0', '83F589E3', 2, '2018-09-06 15:03:03', NULL);
INSERT INTO `circulation_record` VALUES (585, '77B88767500104E0', '83F589E3', 1, '2018-09-06 15:03:05', NULL);
INSERT INTO `circulation_record` VALUES (586, '259B8667500104E0', '0B88CF59', 3, '2018-09-06 15:03:22', NULL);
INSERT INTO `circulation_record` VALUES (587, '259B8667500104E0', '0B88CF59', 2, '2018-09-06 15:03:26', NULL);
INSERT INTO `circulation_record` VALUES (588, '259B8667500104E0', '0B88CF59', 1, '2018-09-06 15:03:28', NULL);
INSERT INTO `circulation_record` VALUES (589, '64998667500104E0', '7B00C359', 1, '2018-09-06 15:06:40', NULL);
INSERT INTO `circulation_record` VALUES (590, 'A6198767500104E0', 'EB33BD59', 1, '2018-09-10 09:56:49', NULL);
INSERT INTO `circulation_record` VALUES (591, '92998667500104E0', '5309CCE3', 1, '2018-09-10 09:57:42', NULL);
INSERT INTO `circulation_record` VALUES (592, '5E9C8667500104E0', 'DB0DC359', 1, '2018-09-10 09:57:57', NULL);
INSERT INTO `circulation_record` VALUES (593, '6F4E8667500104E0', '338AC6E3', 1, '2018-09-10 09:58:14', NULL);
INSERT INTO `circulation_record` VALUES (594, '63988667500104E0', '0B0CC359', 1, '2018-09-10 09:58:36', NULL);
INSERT INTO `circulation_record` VALUES (595, '4A518667500104E0', '83C689E3', 1, '2018-09-10 09:59:15', NULL);
INSERT INTO `circulation_record` VALUES (596, 'F7508667500104E0', '733C9CE3', 1, '2018-09-10 09:59:49', NULL);
INSERT INTO `circulation_record` VALUES (597, 'AE998667500104E0', 'C371C6E3', 1, '2018-09-10 10:00:39', NULL);
INSERT INTO `circulation_record` VALUES (598, '48998667500104E0', 'EB3DCF59', 1, '2018-09-10 10:00:53', NULL);
INSERT INTO `circulation_record` VALUES (599, '991C8767500104E0', '4B28D459', 1, '2018-09-10 10:01:14', NULL);
INSERT INTO `circulation_record` VALUES (600, '86AE8667500104E0', '631A8FE3', 1, '2018-09-10 10:01:30', NULL);
INSERT INTO `circulation_record` VALUES (601, 'F0AD8667500104E0', '03008AE3', 1, '2018-09-11 14:58:26', NULL);

-- ----------------------------
-- Table structure for item
-- ----------------------------
DROP TABLE IF EXISTS `item`;
CREATE TABLE `item`  (
  `id` int(11) NOT NULL AUTO_INCREMENT COMMENT '自动编号',
  `uid` varchar(255) CHARACTER SET utf8 COLLATE utf8_general_ci NULL DEFAULT NULL COMMENT 'RFID标识识别号',
  `item_number` varchar(255) CHARACTER SET utf8 COLLATE utf8_general_ci NULL DEFAULT NULL COMMENT '物品编号',
  `item_name` varchar(255) CHARACTER SET utf8 COLLATE utf8_general_ci NULL DEFAULT NULL COMMENT '物品名称',
  `item_type` varchar(255) CHARACTER SET utf8 COLLATE utf8_general_ci NULL DEFAULT NULL COMMENT '物品型号',
  `item_location` varchar(255) CHARACTER SET utf8 COLLATE utf8_general_ci NULL DEFAULT NULL COMMENT '物品存放地址',
  `item_state_code` int(11) NULL DEFAULT NULL COMMENT '物品状态代码',
  `machine_id` int(11) NULL DEFAULT NULL COMMENT '设备编号',
  `create_time` datetime NULL DEFAULT NULL COMMENT '创建时间',
  `update_time` datetime NULL DEFAULT NULL COMMENT '修改时间',
  PRIMARY KEY (`id`) USING BTREE,
  UNIQUE INDEX `uid`(`uid`) USING BTREE,
  UNIQUE INDEX `uid_2`(`uid`) USING BTREE
) ENGINE = InnoDB AUTO_INCREMENT = 1063 CHARACTER SET = utf8 COLLATE = utf8_general_ci COMMENT = '物品信息表' ROW_FORMAT = Compact;

-- ----------------------------
-- Records of item
-- ----------------------------
INSERT INTO `item` VALUES (1, 'F2AD8667500104E0', NULL, 'Innovator HUb', '', '', 1001, 0, '2018-03-09 13:59:36', NULL);
INSERT INTO `item` VALUES (2, '1FAE8667500104E0', NULL, 'Innovator HUb', '', '', 1001, 0, '2018-03-09 13:59:36', NULL);
INSERT INTO `item` VALUES (3, '93B08667500104E0', NULL, 'PH值传感器', '', '', 1001, 0, '2018-03-09 13:59:36', NULL);
INSERT INTO `item` VALUES (4, '6AAE8667500104E0', NULL, 'PH值传感器', '', '', 1001, 0, '2018-03-09 13:59:36', NULL);
INSERT INTO `item` VALUES (5, 'DDB08667500104E0', NULL, 'PH值传感器', '', '', 1001, 0, '2018-03-09 13:59:36', NULL);
INSERT INTO `item` VALUES (6, 'E6008767500104E0', NULL, 'PH值传感器', '', '', 1001, 0, '2018-03-09 13:59:36', NULL);
INSERT INTO `item` VALUES (7, 'ADFE8667500104E0', NULL, 'PH值传感器', '', '', 1001, 0, '2018-03-09 13:59:36', NULL);
INSERT INTO `item` VALUES (8, 'CBFE8667500104E0', NULL, 'PH值传感器', '', '', 1001, 0, '2018-03-09 13:59:36', NULL);
INSERT INTO `item` VALUES (9, 'FAFE8667500104E0', NULL, 'PH值传感器', '', '', 1001, 0, '2018-03-09 13:59:36', NULL);
INSERT INTO `item` VALUES (10, '7C018767500104E0', NULL, 'PH值传感器', '', '', 1001, 0, '2018-03-09 13:59:36', NULL);
INSERT INTO `item` VALUES (11, '0D1B8767500104E0', NULL, '滴数传感器', '', '', 1001, 0, '2018-03-09 13:59:36', NULL);
INSERT INTO `item` VALUES (12, 'B9018767500104E0', NULL, '滴数传感器', '', '', 1001, 0, '2018-03-09 13:59:36', NULL);
INSERT INTO `item` VALUES (13, '87FF8667500104E0', NULL, '滴数传感器', '', '', 1001, 0, '2018-03-09 13:59:36', NULL);
INSERT INTO `item` VALUES (14, '9D188767500104E0', NULL, '色度计', '', '', 1001, 0, '2018-03-09 13:59:36', NULL);
INSERT INTO `item` VALUES (15, '48FF8667500104E0', NULL, '色度计', '', '', 1001, 0, '2018-03-09 13:59:36', NULL);
INSERT INTO `item` VALUES (16, 'E7188767500104E0', NULL, '色度计', '', '', 1001, 0, '2018-03-09 13:59:36', NULL);
INSERT INTO `item` VALUES (17, '561B8767500104E0', NULL, '数据采集器', '', '', 1001, 0, '2018-03-09 13:59:36', NULL);
INSERT INTO `item` VALUES (18, '31198767500104E0', NULL, '数据采集器', '', '', 1001, 0, '2018-03-09 13:59:36', NULL);
INSERT INTO `item` VALUES (19, '9E1B8767500104E0', NULL, '数据采集器', '', '', 1001, 0, '2018-03-09 13:59:36', NULL);
INSERT INTO `item` VALUES (20, '7A198767500104E0', NULL, '数据采集器', '', '', 1001, 0, '2018-03-09 13:59:36', NULL);
INSERT INTO `item` VALUES (21, '97198767500104E0', NULL, '数据采集器', '', '', 1001, 0, '2018-03-09 13:59:36', NULL);
INSERT INTO `item` VALUES (22, '051C8767500104E0', NULL, '数据采集器', '', '', 1001, 0, '2018-03-09 13:59:36', NULL);
INSERT INTO `item` VALUES (23, '13688767500104E0', NULL, '数据采集器', '', '', 1001, 0, '2018-03-09 13:59:36', NULL);
INSERT INTO `item` VALUES (24, '996A8767500104E0', NULL, '数据采集器', '', '', 1001, 0, '2018-03-09 13:59:36', NULL);
INSERT INTO `item` VALUES (25, '63688767500104E0', NULL, '数据采集器', '', '', 1001, 0, '2018-03-09 13:59:36', NULL);
INSERT INTO `item` VALUES (26, 'B96B8767500104E0', NULL, '数据采集器', '', '', 1001, 0, '2018-03-09 13:59:36', NULL);
INSERT INTO `item` VALUES (27, 'E96B8767500104E0', NULL, '数据采集器', '', '', 1001, 0, '2018-03-09 13:59:36', NULL);
INSERT INTO `item` VALUES (28, 'B4698767500104E0', NULL, '数据采集器', '', '', 1001, 0, '2018-03-09 13:59:36', NULL);
INSERT INTO `item` VALUES (29, '6A1A8767500104E0', NULL, '数据采集器', '', '', 1001, 0, '2018-03-09 13:59:36', NULL);
INSERT INTO `item` VALUES (30, '941A8767500104E0', NULL, '数据采集器', '', '', 1001, 0, '2018-03-09 13:59:36', NULL);
INSERT INTO `item` VALUES (31, '8B1C8767500104E0', NULL, '数据采集器', '', '', 1001, 0, '2018-03-09 13:59:36', NULL);
INSERT INTO `item` VALUES (32, '9B58B939500104E0', NULL, '数据采集器', '', '', 1001, 0, '2018-03-09 13:59:36', NULL);
INSERT INTO `item` VALUES (33, 'D81B8767500104E0', NULL, '数据采集器', '', '', 1001, 0, '2018-03-09 13:59:36', NULL);
INSERT INTO `item` VALUES (34, '201D8767500104E0', NULL, '数据采集器', '', '', 1001, 0, '2018-03-09 13:59:36', NULL);
INSERT INTO `item` VALUES (35, '35698767500104E0', NULL, '数据采集器', '', '', 1001, 0, '2018-03-09 13:59:36', NULL);
INSERT INTO `item` VALUES (36, '401C8767500104E0', NULL, '数据采集器', '', '', 1001, 0, '2018-03-09 13:59:36', NULL);
INSERT INTO `item` VALUES (37, '1F018767500104E0', NULL, '线性运动传感器', '', '', 1001, 0, '2018-03-09 13:59:36', NULL);
INSERT INTO `item` VALUES (38, '6D028767500104E0', NULL, '线性运动传感器', '', '', 1001, 0, '2018-03-09 13:59:36', NULL);
INSERT INTO `item` VALUES (39, '3A008767500104E0', NULL, '线性运动传感器', '', '', 1001, 0, '2018-03-09 13:59:36', NULL);
INSERT INTO `item` VALUES (40, 'BD028767500104E0', NULL, '线性运动传感器', '', '', 1001, 0, '2018-03-09 13:59:36', NULL);
INSERT INTO `item` VALUES (41, '7A008767500104E0', NULL, '线性运动传感器', '', '', 1001, 0, '2018-03-09 13:59:36', NULL);
INSERT INTO `item` VALUES (42, 'FD028767500104E0', NULL, '线性运动传感器', '', '', 1001, 0, '2018-03-09 13:59:36', NULL);
INSERT INTO `item` VALUES (43, 'C8008767500104E0', NULL, '线性运动传感器', '', '', 1001, 0, '2018-03-09 13:59:36', NULL);
INSERT INTO `item` VALUES (44, 'D5198767500104E0', NULL, '线性运动传感器', '', '', 1001, 0, '2018-03-09 13:59:36', NULL);
INSERT INTO `item` VALUES (45, '31028767500104E0', NULL, '光闸', '', '', 1001, 0, '2018-03-09 13:59:36', NULL);
INSERT INTO `item` VALUES (46, 'B4FF8667500104E0', NULL, '温度传感器', '', '', 1001, 0, '2018-03-09 13:59:36', NULL);
INSERT INTO `item` VALUES (47, 'FD988667500104E0', NULL, '温度传感器', '', '', 1001, 0, '2018-03-09 13:59:36', NULL);
INSERT INTO `item` VALUES (48, 'B7AD8667500104E0', NULL, '温度传感器', '', '', 1001, 0, '2018-03-09 13:59:36', NULL);
INSERT INTO `item` VALUES (49, 'E3AF8667500104E0', NULL, '温度传感器', '', '', 1001, 0, '2018-03-09 13:59:36', NULL);
INSERT INTO `item` VALUES (50, '09B28667500104E0', NULL, '温度传感器', '', '', 1001, 0, '2018-03-09 13:59:36', NULL);
INSERT INTO `item` VALUES (51, '6BAF8667500104E0', NULL, '温度传感器', '', '', 1001, 0, '2018-03-09 13:59:36', NULL);
INSERT INTO `item` VALUES (52, '74B18667500104E0', NULL, '温度传感器', '', '', 1001, 0, '2018-03-09 13:59:36', NULL);
INSERT INTO `item` VALUES (53, '4DAF8667500104E0', NULL, '温度传感器', '', '', 1001, 0, '2018-03-09 13:59:36', NULL);
INSERT INTO `item` VALUES (54, '98AF8667500104E0', NULL, '温度传感器', '', '', 1001, 0, '2018-03-09 13:59:36', NULL);
INSERT INTO `item` VALUES (55, '30B08667500104E0', NULL, '温度传感器', '', '', 1001, 0, '2018-03-09 13:59:36', NULL);
INSERT INTO `item` VALUES (56, 'CE988667500104E0', NULL, '图形计算器-空盒', '', '', 1001, 0, '2018-03-09 13:59:36', NULL);
INSERT INTO `item` VALUES (57, 'DE998667500104E0', NULL, '图形计算器-空盒', '', '', 1001, 0, '2018-03-09 13:59:36', NULL);
INSERT INTO `item` VALUES (58, 'E29B8667500104E0', NULL, '图形计算器-空盒', '', '', 1001, 0, '2018-03-09 13:59:36', NULL);
INSERT INTO `item` VALUES (59, '67998667500104E0', NULL, '图形计算器-空盒', '', '', 1001, 0, '2018-03-09 13:59:36', NULL);
INSERT INTO `item` VALUES (60, '3A998667500104E0', NULL, '图形计算器-空盒', '', '', 1001, 0, '2018-03-09 13:59:36', NULL);
INSERT INTO `item` VALUES (61, 'B1518667500104E0', NULL, '图形计算器-空盒', '', '', 1001, 0, '2018-03-09 13:59:36', NULL);
INSERT INTO `item` VALUES (62, '2A4F8667500104E0', NULL, '图形计算器-空盒', '', '', 1001, 0, '2018-03-09 13:59:36', NULL);
INSERT INTO `item` VALUES (63, '69518667500104E0', NULL, '图形计算器-空盒', '', '', 1001, 0, '2018-03-09 13:59:36', NULL);
INSERT INTO `item` VALUES (64, '3B518667500104E0', NULL, '图形计算器-空盒', '', '', 1001, 0, '2018-03-09 13:59:36', NULL);
INSERT INTO `item` VALUES (65, '824E8667500104E0', NULL, '图形计算器-空盒', '', '', 1001, 0, '2018-03-09 13:59:36', NULL);
INSERT INTO `item` VALUES (66, 'BC508667500104E0', NULL, '图形计算器-空盒', '', '', 1001, 0, '2018-03-09 13:59:36', NULL);
INSERT INTO `item` VALUES (67, '344E8667500104E0', NULL, '图形计算器-空盒', '', '', 1001, 0, '2018-03-09 13:59:36', NULL);
INSERT INTO `item` VALUES (68, '874F8667500104E0', NULL, '图形计算器-空盒', '', '', 1001, 0, '2018-03-09 13:59:36', NULL);
INSERT INTO `item` VALUES (69, '0B518667500104E0', NULL, '图形计算器-空盒', '', '', 1001, 0, '2018-03-09 13:59:36', NULL);
INSERT INTO `item` VALUES (70, 'D64F8667500104E0', NULL, '图形计算器-空盒', '', '', 1001, 0, '2018-03-09 13:59:36', NULL);
INSERT INTO `item` VALUES (71, '0D9C8667500104E0', NULL, '图形计算器-空盒', '', '', 1001, 0, '2018-03-09 13:59:36', NULL);
INSERT INTO `item` VALUES (72, '10528667500104E0', NULL, '图形计算器-空盒', '', '', 1001, 0, '2018-03-09 13:59:36', NULL);
INSERT INTO `item` VALUES (73, '60528667500104E0', NULL, '图形计算器-空盒', '', '', 1001, 0, '2018-03-09 13:59:36', NULL);
INSERT INTO `item` VALUES (74, '25508667500104E0', NULL, '图形计算器-空盒', '', '', 1001, 0, '2018-03-09 13:59:36', NULL);
INSERT INTO `item` VALUES (765, '7E988667500104E0', NULL, '图形计算器 CX-CAS', '2295014562', '', 1001, 0, '2018-03-09 14:11:08', NULL);
INSERT INTO `item` VALUES (766, '34988667500104E0', NULL, '图形计算器 CX-CAS', '2175019680', '', 1002, 0, '2018-03-09 14:11:08', NULL);
INSERT INTO `item` VALUES (767, '689A8667500104E0', NULL, '图形计算器 CX-CAS', '2085007951', '', 1001, 0, '2018-03-09 14:11:08', NULL);
INSERT INTO `item` VALUES (768, '364F8667500104E0', NULL, '图形计算器 CX-CAS', '2095024987', '', 1001, 0, '2018-03-09 14:11:08', NULL);
INSERT INTO `item` VALUES (769, '74518667500104E0', NULL, '图形计算器 CX-CAS', '2295014776', '', 1001, 0, '2018-03-09 14:11:08', NULL);
INSERT INTO `item` VALUES (770, 'DD518667500104E0', NULL, '图形计算器 CX-CAS', '2175019591', '', 1001, 0, '2018-03-09 14:11:08', NULL);
INSERT INTO `item` VALUES (771, '47518667500104E0', NULL, '图形计算器 CX-CAS', '2175021297', '', 1002, 0, '2018-03-09 14:11:08', NULL);
INSERT INTO `item` VALUES (772, '7A9B8667500104E0', NULL, '图形计算器 CX-CAS', '2295013895', '', 1002, 0, '2018-03-09 14:11:08', NULL);
INSERT INTO `item` VALUES (773, 'A34F8667500104E0', NULL, '图形计算器 CX-CAS', '2255031399', '', 1001, 0, '2018-03-09 14:11:08', NULL);
INSERT INTO `item` VALUES (774, 'F7508667500104E0', NULL, '图形计算器 CX-CAS', '2175020674', '', 1002, 0, '2018-03-09 14:11:08', NULL);
INSERT INTO `item` VALUES (775, '7C528667500104E0', NULL, '图形计算器 CX-CAS', '2295013539', '', 1001, 0, '2018-03-09 14:11:08', NULL);
INSERT INTO `item` VALUES (776, '64998667500104E0', NULL, '图形计算器 CX-CAS', '2295014675', '', 1002, 0, '2018-03-09 14:11:08', NULL);
INSERT INTO `item` VALUES (777, 'E09B8667500104E0', NULL, '图形计算器 CX-CAS', '2295015384', '', 1001, 0, '2018-03-09 14:11:08', NULL);
INSERT INTO `item` VALUES (778, '279C8667500104E0', NULL, '图形计算器 CX-CAS', '2295013558', '', 1002, 0, '2018-03-09 14:11:08', NULL);
INSERT INTO `item` VALUES (779, '759C8667500104E0', NULL, '图形计算器 CX-CAS', '2295013881', '', 1002, 0, '2018-03-09 14:11:08', NULL);
INSERT INTO `item` VALUES (780, 'FA998667500104E0', NULL, '图形计算器 CX-CAS', '2175018679', '', 1002, 0, '2018-03-09 14:11:08', NULL);
INSERT INTO `item` VALUES (781, 'A3AD8667500104E0', NULL, '图形计算器 CX-CAS', '2085007538', '', 1001, 0, '2018-03-09 14:11:08', NULL);
INSERT INTO `item` VALUES (782, '17988667500104E0', NULL, '图形计算器 CX-CAS', '2295015020', '', 1001, 0, '2018-03-09 14:11:08', NULL);
INSERT INTO `item` VALUES (783, '4B9A8667500104E0', NULL, '图形计算器 CX-CAS', '2295015369', '', 1001, 0, '2018-03-09 14:11:08', NULL);
INSERT INTO `item` VALUES (784, '6B508667500104E0', NULL, '图形计算器 CX-CAS', '2025005542', '', 1002, 0, '2018-03-09 14:11:08', NULL);
INSERT INTO `item` VALUES (785, '3F508667500104E0', NULL, '图形计算器 CX-CAS', '2175018812', '', 1001, 0, '2018-03-09 14:11:08', NULL);
INSERT INTO `item` VALUES (786, 'AE998667500104E0', NULL, '图形计算器 CX-CAS', '2295014821', '', 1002, 0, '2018-03-09 14:11:08', NULL);
INSERT INTO `item` VALUES (787, '2C528667500104E0', NULL, '图形计算器 CX-CAS', '2315016979', '', 1001, 0, '2018-03-09 14:11:08', NULL);
INSERT INTO `item` VALUES (788, 'A8508667500104E0', NULL, '图形计算器 CX-CAS', '2295013268', '', 1001, 0, '2018-03-09 14:11:08', NULL);
INSERT INTO `item` VALUES (789, '6F4E8667500104E0', NULL, '图形计算器 CX-CAS', '2315016165', '', 1002, 0, '2018-03-09 14:11:08', NULL);
INSERT INTO `item` VALUES (790, 'F14F8667500104E0', NULL, '图形计算器 CX-CAS', '2255022945', '', 1002, 0, '2018-03-09 14:11:08', NULL);
INSERT INTO `item` VALUES (791, 'BE4E8667500104E0', NULL, '图形计算器 CX-CAS', '2255030329', '', 1001, 0, '2018-03-09 14:11:08', NULL);
INSERT INTO `item` VALUES (792, '91B08667500104E0', NULL, '图形计算器 CX-CAS', '2315014975', '', 1001, 0, '2018-03-09 14:11:08', NULL);
INSERT INTO `item` VALUES (793, 'EAB08667500104E0', NULL, '图形计算器 CX-CAS', '2295013768', '', 1001, 0, '2018-03-09 14:11:08', NULL);
INSERT INTO `item` VALUES (794, '8EFE8667500104E0', NULL, '图形计算器 CX-CAS', '2295014756', '', 1001, 0, '2018-03-09 14:11:08', NULL);
INSERT INTO `item` VALUES (795, '0F018767500104E0', NULL, '图形计算器 CX-CAS', '2295015699', '', 1002, 0, '2018-03-09 14:11:08', NULL);
INSERT INTO `item` VALUES (796, 'D9FE8667500104E0', NULL, '图形计算器 CX-CAS', '2175021365', '', 1002, 0, '2018-03-09 14:11:08', NULL);
INSERT INTO `item` VALUES (797, '8A018767500104E0', NULL, '图形计算器 CX-CAS', '2295014424', '', 1001, 0, '2018-03-09 14:11:08', NULL);
INSERT INTO `item` VALUES (798, 'C7018767500104E0', NULL, '图形计算器 CX-CAS', '2295015361', '', 1001, 0, '2018-03-09 14:11:08', NULL);
INSERT INTO `item` VALUES (799, 'EE1A8767500104E0', NULL, '图形计算器 CX-CAS', '2175018159', '', 1002, 0, '2018-03-09 14:11:08', NULL);
INSERT INTO `item` VALUES (800, '55FF8667500104E0', NULL, '图形计算器 CX-CAS', '2255030581', '', 1001, 0, '2018-03-09 14:11:08', NULL);
INSERT INTO `item` VALUES (801, '381B8767500104E0', NULL, '图形计算器 CX-CAS', '2295015281', '', 1002, 0, '2018-03-09 14:11:08', NULL);
INSERT INTO `item` VALUES (802, '13198767500104E0', NULL, '图形计算器 CX-CAS', '2025005650', '', 1001, 0, '2018-03-09 14:11:08', NULL);
INSERT INTO `item` VALUES (803, '801B8767500104E0', NULL, '图形计算器 CX-CAS', '2295014688', '', 1002, 0, '2018-03-09 14:11:08', NULL);
INSERT INTO `item` VALUES (804, '91688767500104E0', NULL, '图形计算器 CX-CAS', '2315017658', '', 1001, 0, '2018-03-09 14:11:08', NULL);
INSERT INTO `item` VALUES (805, 'C8188767500104E0', NULL, '图形计算器 CX-CAS', '2095023021', '', 1002, 0, '2018-03-09 14:11:08', NULL);
INSERT INTO `item` VALUES (806, '5B018767500104E0', NULL, '图形计算器 CX-CAS', '2255030135', '', 1002, 0, '2018-03-09 14:11:08', NULL);
INSERT INTO `item` VALUES (807, 'BDB08667500104E0', NULL, '图形计算器 CX-CAS', '2295014723', '', 1002, 0, '2018-03-09 14:11:08', NULL);
INSERT INTO `item` VALUES (808, 'F0AD8667500104E0', NULL, '图形计算器 CX-CAS', '2095023212', '', 1002, 0, '2018-03-09 14:11:08', NULL);
INSERT INTO `item` VALUES (809, '8955B939500104E0', NULL, '图形计算器 CX-CAS', '2315017746', '', 1001, 0, '2018-03-09 14:11:08', NULL);
INSERT INTO `item` VALUES (810, '596A8767500104E0', NULL, '图形计算器 CX-CAS', '2175020041', '', 1002, 0, '2018-03-09 14:11:08', NULL);
INSERT INTO `item` VALUES (811, 'A6198767500104E0', NULL, '图形计算器 CX-CAS', '2175018646', '', 1002, 0, '2018-03-09 14:11:08', NULL);
INSERT INTO `item` VALUES (812, 'C81B8767500104E0', NULL, '图形计算器 CX-CAS', '2295014822', '', 1002, 0, '2018-03-09 14:11:08', NULL);
INSERT INTO `item` VALUES (813, '136B8767500104E0', NULL, '图形计算器 CX-CAS', '2025005524', '', 1002, 0, '2018-03-09 14:11:08', NULL);
INSERT INTO `item` VALUES (814, 'A86A8767500104E0', NULL, '图形计算器 CX-CAS', '2295013765', '', 1001, 0, '2018-03-09 14:11:08', NULL);
INSERT INTO `item` VALUES (815, '22688767500104E0', NULL, '图形计算器 CX-CAS', '2175021420', '', 1001, 0, '2018-03-09 14:11:08', NULL);
INSERT INTO `item` VALUES (816, '8AB78767500104E0', NULL, '图形计算器 CX-CAS', '2295015095', '', 1001, 0, '2018-03-09 14:11:08', NULL);
INSERT INTO `item` VALUES (817, '397D8767500104E0', NULL, '图形计算器 CX-CAS', '2025005722', '', 1001, 0, '2018-03-09 14:11:08', NULL);
INSERT INTO `item` VALUES (818, 'B77A8767500104E0', NULL, '图形计算器 CX-CAS', '2295014827', '', 1001, 0, '2018-03-09 14:11:08', NULL);
INSERT INTO `item` VALUES (819, 'EC7C8767500104E0', NULL, '图形计算器 CX-CAS', '2255030096', '', 1001, 0, '2018-03-09 14:11:08', NULL);
INSERT INTO `item` VALUES (820, '5AB58767500104E0', NULL, '图形计算器 CX-CAS', '2255030067', '', 1002, 0, '2018-03-09 14:11:08', NULL);
INSERT INTO `item` VALUES (821, 'DB688767500104E0', NULL, '图形计算器 CX-CAS', '2255030051', '', 1002, 0, '2018-03-09 14:11:08', NULL);
INSERT INTO `item` VALUES (822, '5E6B8767500104E0', NULL, '图形计算器 CX-CAS', '2295015491', '', 1001, 0, '2018-03-09 14:11:08', NULL);
INSERT INTO `item` VALUES (823, '677A8767500104E0', NULL, '图形计算器 CX-CAS', '2175020860', '', 1001, 0, '2018-03-09 14:11:08', NULL);
INSERT INTO `item` VALUES (824, '0858B939500104E0', NULL, '图形计算器 CX-CAS', '2295013825', '', 1001, 0, '2018-03-09 14:11:08', NULL);
INSERT INTO `item` VALUES (825, '66FF8667500104E0', NULL, '图形计算器 CX-CAS', '2025004107', '', 1001, 0, '2018-03-09 14:11:08', NULL);
INSERT INTO `item` VALUES (826, 'B7008767500104E0', NULL, '图形计算器 CX-CAS', '2295015030', '', 1001, 0, '2018-03-09 14:11:08', NULL);
INSERT INTO `item` VALUES (827, '39038767500104E0', NULL, '图形计算器 CX-CAS', '2295012708', '', 1002, 0, '2018-03-09 14:11:08', NULL);
INSERT INTO `item` VALUES (828, 'C86A8767500104E0', NULL, '图形计算器 CX-CAS', '2295013476', '', 1001, 0, '2018-03-09 14:11:08', NULL);
INSERT INTO `item` VALUES (829, '78AF8667500104E0', NULL, '图形计算器 CX-CAS', '2175018811', '', 1001, 0, '2018-03-09 14:11:08', NULL);
INSERT INTO `item` VALUES (830, '1DB08667500104E0', NULL, '图形计算器 CX-CAS', '2315016599', '', 1001, 0, '2018-03-09 14:11:08', NULL);
INSERT INTO `item` VALUES (831, 'B2AE8667500104E0', NULL, '图形计算器 CX-CAS', '2085019576', '', 1002, 0, '2018-03-09 14:11:08', NULL);
INSERT INTO `item` VALUES (832, 'E0AF8667500104E0', NULL, '图形计算器 CX-CAS', '2295015871', '', 1002, 0, '2018-03-09 14:11:08', NULL);
INSERT INTO `item` VALUES (833, '2B6A8767500104E0', NULL, '图形计算器 CX-CAS', '2315014889', '', 1001, 0, '2018-03-09 14:11:08', NULL);
INSERT INTO `item` VALUES (834, '54B18667500104E0', NULL, '图形计算器 CX-CAS', '2295014845', '', 1002, 0, '2018-03-09 14:11:08', NULL);
INSERT INTO `item` VALUES (835, '2EAF8667500104E0', NULL, '图形计算器 CX-CAS', '2175021389', '', 1001, 0, '2018-03-09 14:11:08', NULL);
INSERT INTO `item` VALUES (836, 'F66B8767500104E0', NULL, '图形计算器 CX-CAS', '2295015352', '', 1001, 0, '2018-03-09 14:11:08', NULL);
INSERT INTO `item` VALUES (837, '2D9B8667500104E0', NULL, '图形计算器 CX-CAS', '2295013892', '', 1002, 0, '2018-03-09 14:11:08', NULL);
INSERT INTO `item` VALUES (838, 'FA988667500104E0', NULL, '图形计算器 CX-CAS', '2255030540', '', 1001, 0, '2018-03-09 14:11:08', NULL);
INSERT INTO `item` VALUES (839, '87B58767500104E0', NULL, '图形计算器 CX-CAS', '2295014651', '', 1001, 0, '2018-03-09 14:11:08', NULL);
INSERT INTO `item` VALUES (840, '08B78767500104E0', NULL, '图形计算器 CX-CAS', '2295015382', '', 1001, 0, '2018-03-09 14:11:08', NULL);
INSERT INTO `item` VALUES (841, 'AD7D8767500104E0', NULL, '图形计算器 CX-CAS', '2175021674', '', 1002, 0, '2018-03-09 14:11:08', NULL);
INSERT INTO `item` VALUES (842, '307B8767500104E0', NULL, '图形计算器 CX-CAS', '2295015711', '', 1001, 0, '2018-03-09 14:11:08', NULL);
INSERT INTO `item` VALUES (843, '667D8767500104E0', NULL, '图形计算器 CX-CAS', '2315017722', '', 1002, 0, '2018-03-09 14:11:08', NULL);
INSERT INTO `item` VALUES (844, 'E57A8767500104E0', NULL, '图形计算器 CX-CAS', '2295013826', '', 1001, 0, '2018-03-09 14:11:08', NULL);
INSERT INTO `item` VALUES (845, '5C198767500104E0', NULL, '图形计算器 CX-CAS', '2255030508', '', 1001, 0, '2018-03-09 14:11:08', NULL);
INSERT INTO `item` VALUES (846, '73698767500104E0', NULL, '图形计算器 CX-CAS', '2085020061', '', 1001, 0, '2018-03-09 14:11:08', NULL);
INSERT INTO `item` VALUES (847, 'B4798767500104E0', NULL, '图形计算器 CX-CAS', '2085007473', '', 1002, 0, '2018-03-09 14:11:08', NULL);
INSERT INTO `item` VALUES (848, '0DB68767500104E0', NULL, '图形计算器 CX-CAS', '2295016167', '', 1001, 0, '2018-03-09 14:11:08', NULL);
INSERT INTO `item` VALUES (849, 'E19A8667500104E0', NULL, '图形计算器 CX-CAS', '2175021273', '', 1001, 0, '2018-03-09 14:11:08', NULL);
INSERT INTO `item` VALUES (850, 'AC988667500104E0', NULL, '图形计算器 CX-CAS', '2315016557', '', 1001, 0, '2018-03-09 14:11:08', NULL);
INSERT INTO `item` VALUES (851, 'F1B78767500104E0', NULL, '图形计算器 CX-CAS', '2175020954', '', 1001, 0, '2018-03-09 14:11:08', NULL);
INSERT INTO `item` VALUES (852, '48518667500104E0', NULL, '图形计算器 CX-CAS', '2295014493', '', 1001, 0, '2018-03-09 14:11:08', NULL);
INSERT INTO `item` VALUES (853, '0A4F8667500104E0', NULL, '图形计算器 CX-CAS', '2025005275', '', 1001, 0, '2018-03-09 14:11:08', NULL);
INSERT INTO `item` VALUES (854, '989B8667500104E0', NULL, '图形计算器 CX-CAS', '2165049168', '', 1001, 0, '2018-03-09 14:11:08', NULL);
INSERT INTO `item` VALUES (855, '35988667500104E0', NULL, '图形计算器 CX-CAS', '2295014650', '', 1001, 0, '2018-03-09 14:11:08', NULL);
INSERT INTO `item` VALUES (856, 'B49A8667500104E0', NULL, '图形计算器 CX-CAS', '2295015350', '', 1002, 0, '2018-03-09 14:11:08', NULL);
INSERT INTO `item` VALUES (857, 'DF4E8667500104E0', NULL, '图形计算器 CX-CAS', '2025005311', '', 1002, 0, '2018-03-09 14:11:08', NULL);
INSERT INTO `item` VALUES (858, '12508667500104E0', NULL, '图形计算器 CX-CAS', '2295013553', '', 1001, 0, '2018-03-09 14:11:08', NULL);
INSERT INTO `item` VALUES (859, '4D528667500104E0', NULL, '图形计算器 CX-CAS', '2175019197', '', 1001, 0, '2018-03-09 14:11:08', NULL);
INSERT INTO `item` VALUES (860, '614E8667500104E0', NULL, '图形计算器 CX-CAS', '2295014763', '', 1002, 0, '2018-03-09 14:11:08', NULL);
INSERT INTO `item` VALUES (861, 'E9508667500104E0', NULL, '图形计算器 CX-CAS', '2025005529', '', 1001, 0, '2018-03-09 14:11:08', NULL);
INSERT INTO `item` VALUES (862, 'B04E8667500104E0', NULL, '图形计算器 CX-CAS', '2255030113', '', 1002, 0, '2018-03-09 14:11:08', NULL);
INSERT INTO `item` VALUES (863, 'FE518667500104E0', NULL, '图形计算器 CX-CAS', '2085007991', '', 1001, 0, '2018-03-09 14:11:08', NULL);
INSERT INTO `item` VALUES (864, 'C34F8667500104E0', NULL, '图形计算器 CX-CAS', '2025005308', '', 1002, 0, '2018-03-09 14:11:08', NULL);
INSERT INTO `item` VALUES (865, '744F8667500104E0', NULL, '图形计算器 CX-CAS', '2295015082', '', 1001, 0, '2018-03-09 14:11:08', NULL);
INSERT INTO `item` VALUES (866, 'A9508667500104E0', NULL, '图形计算器 CX-CAS', '2295015113', '', 1002, 0, '2018-03-09 14:11:08', NULL);
INSERT INTO `item` VALUES (867, 'BF4E8667500104E0', NULL, '图形计算器 CX-CAS', '2025005657', '', 1002, 0, '2018-03-09 14:11:08', NULL);
INSERT INTO `item` VALUES (868, '92518667500104E0', NULL, '图形计算器 CX-CAS', '2315016199', '', 1001, 0, '2018-03-09 14:11:08', NULL);
INSERT INTO `item` VALUES (869, '1A998667500104E0', NULL, '图形计算器 CX-CAS', '2295013888', '', 1001, 0, '2018-03-09 14:11:08', NULL);
INSERT INTO `item` VALUES (870, '1DB88767500104E0', NULL, '图形计算器 CX-CAS', '2295013265', '', 1002, 0, '2018-03-09 14:11:08', NULL);
INSERT INTO `item` VALUES (871, '704E8667500104E0', NULL, '图形计算器 CX-CAS', '2315014977', '', 1001, 0, '2018-03-09 14:11:08', NULL);
INSERT INTO `item` VALUES (872, '74B68767500104E0', NULL, '图形计算器 CX-CAS', '2295014817', '', 1002, 0, '2018-03-09 14:11:08', NULL);
INSERT INTO `item` VALUES (873, '66B88767500104E0', NULL, '图形计算器 CX-CAS', '2315017037', '', 1001, 0, '2018-03-09 14:11:08', NULL);
INSERT INTO `item` VALUES (874, '8B7B8767500104E0', NULL, '图形计算器 CX-CAS', '2295014486', '', 1001, 0, '2018-03-09 14:11:08', NULL);
INSERT INTO `item` VALUES (875, 'BA7B8767500104E0', NULL, '图形计算器 CX-CAS', '2295014029', '', 1001, 0, '2018-03-09 14:11:08', NULL);
INSERT INTO `item` VALUES (876, 'A86B8767500104E0', NULL, '图形计算器 CX-CAS', '2295014862', '', 1002, 0, '2018-03-09 14:11:08', NULL);
INSERT INTO `item` VALUES (877, '426C8767500104E0', NULL, '图形计算器 CX-CAS', '2295015442', '', 1001, 0, '2018-03-09 14:11:08', NULL);
INSERT INTO `item` VALUES (878, '0E6A8767500104E0', NULL, '图形计算器 CX-CAS', '2175019665', '', 1001, 0, '2018-03-09 14:11:08', NULL);
INSERT INTO `item` VALUES (879, '377E8767500104E0', NULL, '图形计算器 CX-CAS', '2295013804', '', 1001, 0, '2018-03-09 14:11:08', NULL);
INSERT INTO `item` VALUES (880, '087C8767500104E0', NULL, '图形计算器 CX-CAS', '2295014712', '', 1001, 0, '2018-03-09 14:11:08', NULL);
INSERT INTO `item` VALUES (881, '24698767500104E0', NULL, '图形计算器 CX-CAS', '2025005689', '', 1002, 0, '2018-03-09 14:11:08', NULL);
INSERT INTO `item` VALUES (882, '4E1C8767500104E0', NULL, '图形计算器 CX-CAS', '2295015021', '', 1001, 0, '2018-03-09 14:11:08', NULL);
INSERT INTO `item` VALUES (883, 'C3698767500104E0', NULL, '图形计算器 CX-CAS', '2295013847', '', 1002, 0, '2018-03-09 14:11:08', NULL);
INSERT INTO `item` VALUES (884, '8D6C8767500104E0', NULL, '图形计算器 CX-CAS', '2255030526', '', 1001, 0, '2018-03-09 14:11:08', NULL);
INSERT INTO `item` VALUES (885, 'E31C8767500104E0', NULL, '图形计算器 CX-CAS', '2255030311', '', 1001, 0, '2018-03-09 14:11:08', NULL);
INSERT INTO `item` VALUES (886, 'FF798767500104E0', NULL, '图形计算器 CX-CAS', '2255031345', '', 1001, 0, '2018-03-09 14:11:08', NULL);
INSERT INTO `item` VALUES (887, '397A8767500104E0', NULL, '图形计算器 CX-CAS', '2295012711', '', 1001, 0, '2018-03-09 14:11:08', NULL);
INSERT INTO `item` VALUES (888, '367C8767500104E0', NULL, '图形计算器 CX-CAS', '2295014630', '', 1002, 0, '2018-03-09 14:11:08', NULL);
INSERT INTO `item` VALUES (889, '2D1A8767500104E0', NULL, '图形计算器 CX-CAS', '2295013832', '', 1002, 0, '2018-03-09 14:11:08', NULL);
INSERT INTO `item` VALUES (890, 'AB028767500104E0', NULL, '图形计算器 CX-CAS', '2175021478', '', 1001, 0, '2018-03-09 14:11:08', NULL);
INSERT INTO `item` VALUES (891, '771A8767500104E0', NULL, '图形计算器 CX-CAS', '2175021659', '', 1002, 0, '2018-03-09 14:11:08', NULL);
INSERT INTO `item` VALUES (892, '991C8767500104E0', NULL, '图形计算器 CX-CAS', '2175020471', '', 1002, 0, '2018-03-09 14:11:08', NULL);
INSERT INTO `item` VALUES (893, 'CE1A8767500104E0', NULL, '图形计算器 CX-CAS', '2295015062', '', 1001, 0, '2018-03-09 14:11:08', NULL);
INSERT INTO `item` VALUES (894, 'F8508667500104E0', NULL, '图形计算器 CX-CAS', '2315017734', '', 1001, 0, '2018-03-09 14:11:08', NULL);
INSERT INTO `item` VALUES (895, 'E9B18667500104E0', NULL, '图形计算器 CX-CAS', '2295014786', '', 1001, 0, '2018-03-09 14:11:08', NULL);
INSERT INTO `item` VALUES (896, '5158B939500104E0', NULL, '图形计算器 CX-CAS', '2025005427', '', 1001, 0, '2018-03-09 14:11:08', NULL);
INSERT INTO `item` VALUES (897, 'DEFF8667500104E0', NULL, '图形计算器 CX-CAS', '2175018928', '', 1002, 0, '2018-03-09 14:11:08', NULL);
INSERT INTO `item` VALUES (898, 'E2198767500104E0', NULL, '图形计算器 CX-CAS', '2295013571', '', 1001, 0, '2018-03-09 14:11:08', NULL);
INSERT INTO `item` VALUES (899, '12028767500104E0', NULL, '图形计算器 CX-CAS', '2165049504', '', 1001, 0, '2018-03-09 14:11:08', NULL);
INSERT INTO `item` VALUES (900, '5C028767500104E0', NULL, '图形计算器 CX-CAS', '2315016074', '', 1002, 0, '2018-03-09 14:11:08', NULL);
INSERT INTO `item` VALUES (901, '2A008767500104E0', NULL, '图形计算器 CX-CAS', '2255030586', '', 1001, 0, '2018-03-09 14:11:08', NULL);
INSERT INTO `item` VALUES (902, '24B18667500104E0', NULL, '图形计算器 CX-CAS', '2175021669', '', 1001, 0, '2018-03-09 14:11:08', NULL);
INSERT INTO `item` VALUES (903, 'D455B939500104E0', NULL, '图形计算器 CX-CAS', '2085019551', '', 1001, 0, '2018-03-09 14:11:08', NULL);
INSERT INTO `item` VALUES (904, '4C9A8667500104E0', NULL, '图形计算器 CX-CAS', '2295016170', '', 1001, 0, '2018-03-09 14:11:08', NULL);
INSERT INTO `item` VALUES (905, '40508667500104E0', NULL, '图形计算器 CX-CAS', '2025005543', '', 1001, 0, '2018-03-09 14:11:08', NULL);
INSERT INTO `item` VALUES (906, 'F34F8667500104E0', NULL, '图形计算器 CX-CAS', '2295015484', '', 1001, 0, '2018-03-09 14:11:08', NULL);
INSERT INTO `item` VALUES (907, 'A54F8667500104E0', NULL, '图形计算器 CX-CAS', '2295013202', '', 1002, 0, '2018-03-09 14:11:08', NULL);
INSERT INTO `item` VALUES (908, 'DF518667500104E0', NULL, '图形计算器 CX-CAS', '2295015710', '', 1001, 0, '2018-03-09 14:11:08', NULL);
INSERT INTO `item` VALUES (909, '9A508667500104E0', NULL, '图形计算器 CX-CAS', '2255030481', '', 1001, 0, '2018-03-09 14:11:08', NULL);
INSERT INTO `item` VALUES (910, '7E528667500104E0', NULL, '图形计算器 CX-CAS', '2025005647', '', 1001, 0, '2018-03-09 14:11:08', NULL);
INSERT INTO `item` VALUES (911, '2E528667500104E0', NULL, '图形计算器 CX-CAS', '2295013915', '', 1001, 0, '2018-03-09 14:11:08', NULL);
INSERT INTO `item` VALUES (912, '18988667500104E0', NULL, '图形计算器 CX-CAS', '2315014855', '', 1001, 0, '2018-03-09 14:11:08', NULL);
INSERT INTO `item` VALUES (913, '6C508667500104E0', NULL, '图形计算器 CX-CAS', '2295015505', '', 1002, 0, '2018-03-09 14:11:08', NULL);
INSERT INTO `item` VALUES (914, 'FF9A8667500104E0', NULL, '图形计算器 CX-CAS', '2095025506', '', 1001, 0, '2018-03-09 14:11:08', NULL);
INSERT INTO `item` VALUES (915, 'E29A8667500104E0', NULL, '图形计算器 CX-CAS', '2025005522', '', 1001, 0, '2018-03-09 14:11:08', NULL);
INSERT INTO `item` VALUES (916, '63988667500104E0', NULL, '图形计算器 CX-CAS', '2175021530', '', 1002, 0, '2018-03-09 14:11:08', NULL);
INSERT INTO `item` VALUES (917, '979A8667500104E0', NULL, '图形计算器 CX-CAS', '2175021121', '', 1002, 0, '2018-03-09 14:11:08', NULL);
INSERT INTO `item` VALUES (918, '489C8667500104E0', NULL, '图形计算器 CX-CAS', '2295016005', '', 1002, 0, '2018-03-09 14:11:08', NULL);
INSERT INTO `item` VALUES (919, '1B9A8667500104E0', NULL, '图形计算器 CX-CAS', '2025005426', '', 1002, 0, '2018-03-09 14:11:08', NULL);
INSERT INTO `item` VALUES (920, '969C8667500104E0', NULL, '图形计算器 CX-CAS', '2175021101', '', 1001, 0, '2018-03-09 14:11:08', NULL);
INSERT INTO `item` VALUES (921, '47FF8667500104E0', NULL, '图形计算器 CX-CAS', '2295013406', '', 1001, 0, '2018-03-09 14:11:08', NULL);
INSERT INTO `item` VALUES (922, '4C018767500104E0', NULL, '图形计算器 CX-CAS', '2295013049', '', 1001, 0, '2018-03-09 14:11:08', NULL);
INSERT INTO `item` VALUES (923, '01018767500104E0', NULL, '图形计算器 CX-CAS', '2085007963', '', 1001, 0, '2018-03-09 14:11:08', NULL);
INSERT INTO `item` VALUES (924, 'FAB08667500104E0', NULL, '图形计算器 CX-CAS', '2095023193', '', 1001, 0, '2018-03-09 14:11:08', NULL);
INSERT INTO `item` VALUES (925, 'AFB08667500104E0', NULL, '图形计算器 CX-CAS', '2255030557', '', 1002, 0, '2018-03-09 14:11:08', NULL);
INSERT INTO `item` VALUES (926, 'C4AD8667500104E0', NULL, '图形计算器 CX-CAS', '2295014932', '', 1001, 0, '2018-03-09 14:11:08', NULL);
INSERT INTO `item` VALUES (927, 'D3AE8667500104E0', NULL, '图形计算器 CX-CAS', '2025005530', '', 1001, 0, '2018-03-09 14:11:08', NULL);
INSERT INTO `item` VALUES (928, 'F3AE8667500104E0', NULL, '图形计算器 CX-CAS', '2295015106', '', 1002, 0, '2018-03-09 14:11:08', NULL);
INSERT INTO `item` VALUES (929, '499C8667500104E0', NULL, '图形计算器 CX-CAS', '2085005418', '', 1001, 0, '2018-03-09 14:11:08', NULL);
INSERT INTO `item` VALUES (930, 'CAFE8667500104E0', NULL, '图形计算器 CX-CAS', '2295013830', '', 1001, 0, '2018-03-09 14:11:08', NULL);
INSERT INTO `item` VALUES (931, '86AE8667500104E0', NULL, '图形计算器 CX-CAS', '2295015449', '', 1002, 0, '2018-03-09 14:11:08', NULL);
INSERT INTO `item` VALUES (932, '3CAE8667500104E0', NULL, '图形计算器 CX-CAS', '2175021043', '', 1001, 0, '2018-03-09 14:11:08', NULL);
INSERT INTO `item` VALUES (933, '67B08667500104E0', NULL, '图形计算器 CX-CAS', '2295015420', '', 1001, 0, '2018-03-09 14:11:08', NULL);
INSERT INTO `item` VALUES (934, '3CB08667500104E0', NULL, '图形计算器 CX-CAS', '2095025672', '', 1002, 0, '2018-03-09 14:11:08', NULL);
INSERT INTO `item` VALUES (935, '55B18667500104E0', NULL, '图形计算器 CX-CAS', '2085006897', '', 1001, 0, '2018-03-09 14:11:08', NULL);
INSERT INTO `item` VALUES (936, '0C9C8667500104E0', NULL, '图形计算器 CX-CAS', '2315014848', '', 1001, 0, '2018-03-09 14:11:08', NULL);
INSERT INTO `item` VALUES (937, '009B8667500104E0', NULL, '图形计算器 CX-CAS', '2025005743', '', 1001, 0, '2018-03-09 14:11:08', NULL);
INSERT INTO `item` VALUES (938, 'CD988667500104E0', NULL, '图形计算器 CX-CAS', '2295015011', '', 1002, 0, '2018-03-09 14:11:08', NULL);
INSERT INTO `item` VALUES (939, '01B08667500104E0', NULL, '图形计算器 CX-CAS', '2175020991', '', 1001, 0, '2018-03-09 14:11:08', NULL);
INSERT INTO `item` VALUES (940, 'EAB18667500104E0', NULL, '图形计算器 CX-CAS', '2255030582', '', 1001, 0, '2018-03-09 14:11:08', NULL);
INSERT INTO `item` VALUES (941, 'C2FF8667500104E0', NULL, '图形计算器 CX-CAS', '2295013548', '', 1002, 0, '2018-03-09 14:11:08', NULL);
INSERT INTO `item` VALUES (942, '92998667500104E0', NULL, '图形计算器 CX-CAS', '2295013314', '', 1002, 0, '2018-03-09 14:11:08', NULL);
INSERT INTO `item` VALUES (943, 'A0B18667500104E0', NULL, '图形计算器 CX-CAS', '2295015477', '', 1001, 0, '2018-03-09 14:11:08', NULL);
INSERT INTO `item` VALUES (944, '86AD8667500104E0', NULL, '图形计算器 CX-CAS', '2295014738', '', 1001, 0, '2018-03-09 14:11:08', NULL);
INSERT INTO `item` VALUES (945, '979C8667500104E0', NULL, '图形计算器 CX-CAS', '2095025283', '', 1001, 0, '2018-03-09 14:11:08', NULL);
INSERT INTO `item` VALUES (946, '0B4F8667500104E0', NULL, '图形计算器 CX-CAS', '2295015509', '', 1001, 0, '2018-03-09 14:11:08', NULL);
INSERT INTO `item` VALUES (947, '48998667500104E0', NULL, '图形计算器 CX-CAS', '3016003071', '', 1002, 0, '2018-03-09 14:11:08', NULL);
INSERT INTO `item` VALUES (948, '4D028767500104E0', NULL, '图形计算器 CX-CAS', '2175020955', '', 1001, 0, '2018-03-09 14:11:08', NULL);
INSERT INTO `item` VALUES (949, '49008767500104E0', NULL, '图形计算器 CX-CAS', '2295013138', '', 1001, 0, '2018-03-09 14:11:08', NULL);
INSERT INTO `item` VALUES (950, 'ED028767500104E0', NULL, '图形计算器 CX-CAS', '2295014725', '', 1001, 0, '2018-03-09 14:11:08', NULL);
INSERT INTO `item` VALUES (951, '0FB08667500104E0', NULL, '图形计算器 CX-CAS', '2025005253', '', 1002, 0, '2018-03-09 14:11:08', NULL);
INSERT INTO `item` VALUES (952, '46B18667500104E0', NULL, '图形计算器 CX-CAS', '2175018263', '', 1002, 0, '2018-03-09 14:11:08', NULL);
INSERT INTO `item` VALUES (953, '2FAF8667500104E0', NULL, '图形计算器 CX-CAS', '2095023464', '', 1002, 0, '2018-03-09 14:11:08', NULL);
INSERT INTO `item` VALUES (954, '4E9B8667500104E0', NULL, '图形计算器 CX-CAS', '2295015712', '', 1001, 0, '2018-03-09 14:11:08', NULL);
INSERT INTO `item` VALUES (955, '67FF8667500104E0', NULL, '图形计算器 CX-CAS', '2295015885', '', 1001, 0, '2018-03-09 14:11:08', NULL);
INSERT INTO `item` VALUES (956, '18FF8667500104E0', NULL, '图形计算器 CX-CAS', '2295014858', '', 1001, 0, '2018-03-09 14:11:08', NULL);
INSERT INTO `item` VALUES (957, '5D9B8667500104E0', NULL, '图形计算器 CX-CAS', '2295013737', '', 1002, 0, '2018-03-09 14:11:08', NULL);
INSERT INTO `item` VALUES (958, 'C49B8667500104E0', NULL, '图形计算器 CX-CAS', '2255031353', '', 1001, 0, '2018-03-09 14:11:08', NULL);
INSERT INTO `item` VALUES (959, '79AF8667500104E0', NULL, '图形计算器 CX-CAS', '2025005720', '', 1002, 0, '2018-03-09 14:11:08', NULL);
INSERT INTO `item` VALUES (960, '17B28667500104E0', NULL, '图形计算器 CX-CAS', '2175020976', '', 1002, 0, '2018-03-09 14:11:08', NULL);
INSERT INTO `item` VALUES (961, '1D008767500104E0', NULL, '图形计算器 CX-CAS', '2315017681', '', 1001, 0, '2018-03-09 14:11:08', NULL);
INSERT INTO `item` VALUES (962, '78008767500104E0', NULL, '图形计算器 CX-CAS', '2295014928', '', 1001, 0, '2018-03-09 14:11:08', NULL);
INSERT INTO `item` VALUES (963, 'B8008767500104E0', NULL, '图形计算器 CX-CAS', '2255030018', '', 1001, 0, '2018-03-09 14:11:08', NULL);
INSERT INTO `item` VALUES (964, '7C9B8667500104E0', NULL, '图形计算器 CX-CAS', '2255030006', '', 1001, 0, '2018-03-09 14:11:08', NULL);
INSERT INTO `item` VALUES (965, '384F8667500104E0', NULL, '图形计算器 CX-CAS', '2315017701', '', 1002, 0, '2018-03-09 14:11:08', NULL);
INSERT INTO `item` VALUES (966, '4A518667500104E0', NULL, '图形计算器 CX-CAS', '2295013981', '', 1002, 0, '2018-03-09 14:11:08', NULL);
INSERT INTO `item` VALUES (967, 'D4AE8667500104E0', NULL, '图形计算器 CX-CAS', '2025005459', '', 1001, 0, '2018-03-09 14:11:08', NULL);
INSERT INTO `item` VALUES (968, '1C9A8667500104E0', NULL, '图形计算器 CX-CAS', '2025005458', '', 1002, 0, '2018-03-09 14:11:08', NULL);
INSERT INTO `item` VALUES (969, '0F9B8667500104E0', NULL, '图形计算器 CX-CAS', '2295013576', '', 1001, 0, '2018-03-09 14:11:08', NULL);
INSERT INTO `item` VALUES (970, 'DC988667500104E0', NULL, '图形计算器 CX-CAS', '2165049455', '', 1001, 0, '2018-03-09 14:11:08', NULL);
INSERT INTO `item` VALUES (971, '95AD8667500104E0', NULL, '图形计算器 CX-CAS', '2255031465', '', 1001, 0, '2018-03-09 14:11:08', NULL);
INSERT INTO `item` VALUES (972, 'FA508667500104E0', NULL, '图形计算器 CX-CAS', '2025005290', '', 1001, 0, '2018-03-09 14:11:08', NULL);
INSERT INTO `item` VALUES (973, 'C04E8667500104E0', NULL, '图形计算器 CX-CAS', '2315016999', '', 1002, 0, '2018-03-09 14:11:08', NULL);
INSERT INTO `item` VALUES (974, '434E8667500104E0', NULL, '图形计算器 CX-CAS', '2295012987', '', 1001, 0, '2018-03-09 14:11:08', NULL);
INSERT INTO `item` VALUES (975, 'CB508667500104E0', NULL, '图形计算器 CX-CAS', '2255031441', '', 1001, 0, '2018-03-09 14:11:08', NULL);
INSERT INTO `item` VALUES (976, 'F44F8667500104E0', NULL, '图形计算器 CX-CAS', '2295016018', '', 1001, 0, '2018-03-09 14:11:08', NULL);
INSERT INTO `item` VALUES (977, '019B8667500104E0', NULL, '图形计算器 CX-CAS', '2175020590', '', 1001, 0, '2018-03-09 14:11:08', NULL);
INSERT INTO `item` VALUES (978, 'B69A8667500104E0', NULL, '图形计算器 CX-CAS', '2175021409', '', 1001, 0, '2018-03-09 14:11:08', NULL);
INSERT INTO `item` VALUES (979, '7F528667500104E0', NULL, '图形计算器 CX-CAS', '2295014777', '', 1001, 0, '2018-03-09 14:11:08', NULL);
INSERT INTO `item` VALUES (980, '2F528667500104E0', NULL, '图形计算器 CX-CAS', '2025005550', '', 1001, 0, '2018-03-09 14:11:08', NULL);
INSERT INTO `item` VALUES (981, 'A64F8667500104E0', NULL, '图形计算器 CX-CAS', '2255029930', '', 1001, 0, '2018-03-09 14:11:08', NULL);
INSERT INTO `item` VALUES (982, '764F8667500104E0', NULL, '图形计算器 CX-CAS', '2025005444', '', 1002, 0, '2018-03-09 14:11:08', NULL);
INSERT INTO `item` VALUES (983, '1D9A8667500104E0', NULL, '图形计算器 CX-CAS', '2295014649', '', 1001, 0, '2018-03-09 14:11:08', NULL);
INSERT INTO `item` VALUES (984, '4A9C8667500104E0', NULL, '图形计算器 CX-CAS', '2295015741', '', 1001, 0, '2018-03-09 14:11:08', NULL);
INSERT INTO `item` VALUES (985, '81988667500104E0', NULL, '图形计算器 CX-CAS', '2295014788', '', 1001, 0, '2018-03-09 14:11:08', NULL);
INSERT INTO `item` VALUES (986, '37988667500104E0', NULL, '图形计算器 CX-CAS', '2255030334', '', 1001, 0, '2018-03-09 14:11:08', NULL);
INSERT INTO `item` VALUES (987, '6B9A8667500104E0', NULL, '图形计算器 CX-CAS', '2025005544', '', 1001, 0, '2018-03-09 14:11:08', NULL);
INSERT INTO `item` VALUES (988, 'EC978667500104E0', NULL, '图形计算器 CX-CAS', '2255030137', '', 1002, 0, '2018-03-09 14:11:08', NULL);
INSERT INTO `item` VALUES (989, '1F56B939500104E0', NULL, '图形计算器 CX-CAS', '2295015023', '', 1002, 0, '2018-03-09 14:11:08', NULL);
INSERT INTO `item` VALUES (990, '41508667500104E0', NULL, '图形计算器 CX-CAS', '2175021463', '', 1002, 0, '2018-03-09 14:11:08', NULL);
INSERT INTO `item` VALUES (991, '47B18667500104E0', NULL, '图形计算器 CX-CAS', '2315017040', '', 1001, 0, '2018-03-09 14:11:08', NULL);
INSERT INTO `item` VALUES (992, '989C8667500104E0', NULL, '图形计算器 CX-CAS', '2295015713', '', 1002, 0, '2018-03-09 14:11:08', NULL);
INSERT INTO `item` VALUES (993, 'D5AE8667500104E0', NULL, '图形计算器 CX-CAS', '2165049161', '', 1001, 0, '2018-03-09 14:11:08', NULL);
INSERT INTO `item` VALUES (994, 'C8AF8667500104E0', NULL, '图形计算器 CX-CAS', '2175020031', '', 1001, 0, '2018-03-09 14:11:08', NULL);
INSERT INTO `item` VALUES (995, '801C8767500104E0', NULL, '图形计算器 CX-CAS', '2025005789', '', 1001, 0, '2018-03-09 14:11:08', NULL);
INSERT INTO `item` VALUES (996, '141A8767500104E0', NULL, '图形计算器 CX-CAS', '2025005521', '', 1002, 0, '2018-03-09 14:11:08', NULL);
INSERT INTO `item` VALUES (997, '9D008767500104E0', NULL, '图形计算器 CX-CAS', '2295015877', '', 1001, 0, '2018-03-09 14:11:08', NULL);
INSERT INTO `item` VALUES (998, '20038767500104E0', NULL, '图形计算器 CX-CAS', '2175018308', '', 1001, 0, '2018-03-09 14:11:08', NULL);
INSERT INTO `item` VALUES (999, '30008767500104E0', NULL, '图形计算器 CX-CAS', '2295012996', '', 1001, 0, '2018-03-09 14:11:08', NULL);
INSERT INTO `item` VALUES (1000, 'A2028767500104E0', NULL, '图形计算器 CX-CAS', '2295015010', '', 1001, 0, '2018-03-09 14:11:08', NULL);
INSERT INTO `item` VALUES (1001, '62028767500104E0', NULL, '图形计算器 CX-CAS', '2295015012', '', 1001, 0, '2018-03-09 14:11:08', NULL);
INSERT INTO `item` VALUES (1002, 'A5B18667500104E0', NULL, '图形计算器 CX-CAS', '2295012713', '', 1002, 0, '2018-03-09 14:11:08', NULL);
INSERT INTO `item` VALUES (1003, '7EAF8667500104E0', NULL, '图形计算器 CX-CAS', '2295013512', '', 1002, 0, '2018-03-09 14:11:08', NULL);
INSERT INTO `item` VALUES (1004, 'EFB18667500104E0', NULL, '图形计算器 CX-CAS', '2295014658', '', 1001, 0, '2018-03-09 14:11:08', NULL);
INSERT INTO `item` VALUES (1005, '34B08667500104E0', NULL, '图形计算器 CX-CAS', '2295015722', '', 1002, 0, '2018-03-09 14:11:08', NULL);
INSERT INTO `item` VALUES (1006, 'CA198767500104E0', NULL, '图形计算器 CX-CAS', '2295015753', '', 1001, 0, '2018-03-09 14:11:08', NULL);
INSERT INTO `item` VALUES (1007, '539B8667500104E0', NULL, '图形计算器 CX-CAS', '2295013883', '', 1002, 0, '2018-03-09 14:11:08', NULL);
INSERT INTO `item` VALUES (1008, '8BAD8667500104E0', NULL, '图形计算器 CX-CAS', '2029005681', '', 1002, 0, '2018-03-09 14:11:08', NULL);
INSERT INTO `item` VALUES (1009, '18028767500104E0', NULL, '图形计算器 CX-CAS', '2175021265', '', 1001, 0, '2018-03-09 14:11:08', NULL);
INSERT INTO `item` VALUES (1010, '119C8667500104E0', NULL, '图形计算器 CX-CAS', '2295015493', '', 1001, 0, '2018-03-09 14:11:08', NULL);
INSERT INTO `item` VALUES (1011, 'E2998667500104E0', NULL, '图形计算器 CX-CAS', '2175020936', '', 1002, 0, '2018-03-09 14:11:08', NULL);
INSERT INTO `item` VALUES (1012, '5EB08667500104E0', NULL, '图形计算器 CX-CAS', '2255030515', '', 1001, 0, '2018-03-09 14:11:08', NULL);
INSERT INTO `item` VALUES (1013, 'E4FF8667500104E0', NULL, '图形计算器 CX-CAS', '2025005240', '', 1002, 0, '2018-03-09 14:11:08', NULL);
INSERT INTO `item` VALUES (1014, 'D2028767500104E0', NULL, '图形计算器 CX-CAS', '2175020958', '', 1001, 0, '2018-03-09 14:11:08', NULL);
INSERT INTO `item` VALUES (1015, '3F3AB939500104E0', NULL, '图形计算器 CX-CAS', '2295014944', '', 1001, 0, '2018-03-09 14:11:08', NULL);
INSERT INTO `item` VALUES (1016, 'BB4C8667500104E0', NULL, '图形计算器 CX-CAS', '2175020395', '', 1002, 0, '2018-03-09 14:11:08', NULL);
INSERT INTO `item` VALUES (1017, '20998667500104E0', NULL, '图形计算器 CX-CAS', '2295016173', '', 1002, 0, '2018-03-09 14:11:08', NULL);
INSERT INTO `item` VALUES (1018, '9E9B8667500104E0', NULL, '图形计算器 CX-CAS', '2295015244', '', 1002, 0, '2018-03-09 14:11:08', NULL);
INSERT INTO `item` VALUES (1019, '6B998667500104E0', NULL, '图形计算器 CX-CAS', '2295014473', '', 1001, 0, '2018-03-09 14:11:08', NULL);
INSERT INTO `item` VALUES (1020, 'E69B8667500104E0', NULL, '图形计算器 CX-CAS', '2175018213', '', 1002, 0, '2018-03-09 14:11:08', NULL);
INSERT INTO `item` VALUES (1021, 'D2498667500104E0', NULL, '图形计算器 CX-CAS', '2295015494', '', 1002, 0, '2018-03-09 14:11:08', NULL);
INSERT INTO `item` VALUES (1022, '4D4C8667500104E0', NULL, '图形计算器 CX-CAS', '2025005525', '', 1001, 0, '2018-03-09 14:11:08', NULL);
INSERT INTO `item` VALUES (1023, '224A8667500104E0', NULL, '图形计算器 CX-CAS', '2315016593', '', 1001, 0, '2018-03-09 14:11:08', NULL);
INSERT INTO `item` VALUES (1024, '5E9C8667500104E0', NULL, '图形计算器 CX-CAS', '2175021393', '', 1002, 0, '2018-03-09 14:11:08', NULL);
INSERT INTO `item` VALUES (1025, '06B08667500104E0', NULL, '图形计算器 CX-CAS', '2295014764', '', 1001, 0, '2018-03-09 14:11:08', NULL);
INSERT INTO `item` VALUES (1026, '351C8767500104E0', NULL, '图形计算器 CX-CAS', '2175018654', '', 1001, 0, '2018-03-09 14:11:08', NULL);
INSERT INTO `item` VALUES (1027, '9CBFB939500104E0', NULL, '图形计算器 CX-CAS', '2025005418', '', 1001, 0, '2018-03-09 14:11:08', NULL);
INSERT INTO `item` VALUES (1028, '5E4D8667500104E0', NULL, '图形计算器 CX-CAS', '2295013251', '', 1002, 0, '2018-03-09 14:11:08', NULL);
INSERT INTO `item` VALUES (1029, '114D8667500104E0', NULL, '图形计算器 CX-CAS', '2315014847', '', 1002, 0, '2018-03-09 14:11:08', NULL);
INSERT INTO `item` VALUES (1030, 'E24A8667500104E0', NULL, '图形计算器 CX-CAS', '2295013980', '', 1001, 0, '2018-03-09 14:11:08', NULL);
INSERT INTO `item` VALUES (1031, 'B94D8667500104E0', NULL, '图形计算器 CX-CAS', '2295014747', '', 1001, 0, '2018-03-09 14:11:08', NULL);
INSERT INTO `item` VALUES (1032, '3D4B8667500104E0', NULL, '图形计算器 CX-CAS', '2295015814', '', 1002, 0, '2018-03-09 14:11:08', NULL);
INSERT INTO `item` VALUES (1033, '094E8667500104E0', NULL, '图形计算器 CX-CAS', '2295015500', '', 1001, 0, '2018-03-09 14:11:08', NULL);
INSERT INTO `item` VALUES (1034, '8A4B8667500104E0', NULL, '图形计算器 CX-CAS', '2095025560', '', 1002, 0, '2018-03-09 14:11:08', NULL);
INSERT INTO `item` VALUES (1035, 'AA37B939500104E0', NULL, '图形计算器 CX-CAS', '2295015311', '', 1002, 0, '2018-03-09 14:11:08', NULL);
INSERT INTO `item` VALUES (1036, 'FE4B8667500104E0', NULL, '图形计算器 CX-CAS', '2025005745', '', 1002, 0, '2018-03-09 14:11:08', NULL);
INSERT INTO `item` VALUES (1037, 'D99A8667500104E0', NULL, '图形计算器 CX-CAS', '2295015697', '', 1002, 0, '2018-03-09 14:11:08', NULL);
INSERT INTO `item` VALUES (1038, 'A5B88767500104E0', NULL, '图形计算器 CX-CAS', '2085007010', '', 1001, 0, '2018-03-09 14:11:08', NULL);
INSERT INTO `item` VALUES (1039, 'BFB78767500104E0', NULL, '图形计算器 CX-CAS', '2295013274', '', 1002, 0, '2018-03-09 14:11:08', NULL);
INSERT INTO `item` VALUES (1040, '77B88767500104E0', NULL, '图形计算器 CX-CAS', '2315017672', '', 1002, 0, '2018-03-09 14:11:08', NULL);
INSERT INTO `item` VALUES (1041, 'C6B68767500104E0', NULL, '图形计算器 CX-CAS', '2315015084', '', 1002, 0, '2018-03-09 14:11:08', NULL);
INSERT INTO `item` VALUES (1042, '99B58767500104E0', NULL, '图形计算器 CX-CAS', '2095020958', '', 1001, 0, '2018-03-09 14:11:08', NULL);
INSERT INTO `item` VALUES (1043, '87B68767500104E0', NULL, '图形计算器 CX-CAS', '2255031389', '', 1001, 0, '2018-03-09 14:11:08', NULL);
INSERT INTO `item` VALUES (1044, '30B88767500104E0', NULL, '图形计算器 CX-CAS', '2295013771', '', 1002, 0, '2018-03-09 14:11:08', NULL);
INSERT INTO `item` VALUES (1045, '45B78767500104E0', NULL, '图形计算器 CX-CAS', '2295015355', '', 1001, 0, '2018-03-09 14:11:08', NULL);
INSERT INTO `item` VALUES (1046, 'DAB58767500104E0', NULL, '图形计算器 CX-CAS', '2295014762', '', 1001, 0, '2018-03-09 14:11:08', NULL);
INSERT INTO `item` VALUES (1047, '8DB78767500104E0', NULL, '图形计算器 CX-CAS', '2085005469', '', 1002, 0, '2018-03-09 14:11:08', NULL);
INSERT INTO `item` VALUES (1048, '31B58767500104E0', NULL, '图形计算器 CX-CAS', '2295013706', '', 1002, 0, '2018-03-09 14:11:08', NULL);
INSERT INTO `item` VALUES (1049, '259B8667500104E0', NULL, '图形计算器 CX-CAS', '2085019099', '', 1002, 0, '2018-03-09 14:11:08', NULL);
INSERT INTO `item` VALUES (1050, 'A4988667500104E0', NULL, '图形计算器 CX-CAS', '2175021255', '', 1001, 0, '2018-03-09 14:11:08', NULL);
INSERT INTO `item` VALUES (1051, 'E6B78767500104E0', NULL, '图形计算器 CX-CAS', '2025005519', '', 1002, 0, '2018-03-09 14:11:08', NULL);
INSERT INTO `item` VALUES (1052, '3C7E8767500104E0', NULL, '图形计算器 CX-CAS', '2295015425', '', 1001, 0, '2018-03-09 14:11:08', NULL);
INSERT INTO `item` VALUES (1053, 'EE7D8767500104E0', NULL, '图形计算器 CX-CAS', '2295015014', '', 1001, 0, '2018-03-09 14:11:08', NULL);
INSERT INTO `item` VALUES (1054, '5A988667500104E0', NULL, '图形计算器 CX-CAS', '2255031377', '', 1001, 0, '2018-03-09 14:11:08', NULL);
INSERT INTO `item` VALUES (1055, '707B8767500104E0', NULL, '图形计算器 CX-CAS', '2295015498', '', 1001, 0, '2018-03-09 14:11:08', NULL);
INSERT INTO `item` VALUES (1056, 'BF7B8767500104E0', NULL, '图形计算器 CX-CAS', '2295014816', '', 1001, 0, '2018-03-09 14:11:08', NULL);
INSERT INTO `item` VALUES (1057, 'F4B58767500104E0', NULL, '图形计算器 CX-CAS', '2295016047', '', 1001, 0, '2018-03-09 14:11:08', NULL);
INSERT INTO `item` VALUES (1058, '3CB68767500104E0', NULL, '图形计算器 CX-CAS', '2295013800', '', 1002, 0, '2018-03-09 14:11:08', NULL);
INSERT INTO `item` VALUES (1059, '5B37B939500104E0', NULL, '图形计算器 CX-CAS', '2295014710', '', 1001, 0, '2018-03-09 14:11:08', NULL);
INSERT INTO `item` VALUES (1060, '1D7C8767500104E0', NULL, '创新者系统', 'Innovator Hub', '', 1002, 0, '2018-03-30 15:34:19', NULL);
INSERT INTO `item` VALUES (1061, 'E6798767500104E0', NULL, '图形计算器', '2365020191', '', 1001, 0, '2018-03-30 15:38:14', NULL);
INSERT INTO `item` VALUES (1062, '127A8767500104E0', NULL, 'test', 'test', '', 1001, NULL, '2018-09-11 14:23:14', NULL);

-- ----------------------------
-- Table structure for item_state
-- ----------------------------
DROP TABLE IF EXISTS `item_state`;
CREATE TABLE `item_state`  (
  `id` int(11) NOT NULL AUTO_INCREMENT COMMENT '自动编号',
  `code` int(11) NULL DEFAULT NULL COMMENT '物品状态码',
  `state` varchar(255) CHARACTER SET utf8 COLLATE utf8_general_ci NULL DEFAULT NULL COMMENT '物品状态',
  PRIMARY KEY (`id`) USING BTREE
) ENGINE = InnoDB AUTO_INCREMENT = 3 CHARACTER SET = utf8 COLLATE = utf8_general_ci COMMENT = '物品状态表' ROW_FORMAT = Compact;

-- ----------------------------
-- Records of item_state
-- ----------------------------
INSERT INTO `item_state` VALUES (1, 1001, '在馆');
INSERT INTO `item_state` VALUES (2, 1002, '借出');

-- ----------------------------
-- Table structure for machine_type
-- ----------------------------
DROP TABLE IF EXISTS `machine_type`;
CREATE TABLE `machine_type`  (
  `id` int(11) NOT NULL AUTO_INCREMENT COMMENT '自动编号',
  `type_name` varchar(255) CHARACTER SET utf8 COLLATE utf8_general_ci NULL DEFAULT NULL COMMENT '类型名称',
  PRIMARY KEY (`id`) USING BTREE
) ENGINE = InnoDB AUTO_INCREMENT = 2 CHARACTER SET = utf8 COLLATE = utf8_general_ci COMMENT = '设备类型表' ROW_FORMAT = Compact;

-- ----------------------------
-- Table structure for student
-- ----------------------------
DROP TABLE IF EXISTS `student`;
CREATE TABLE `student`  (
  `id` int(11) NOT NULL AUTO_INCREMENT COMMENT '自动编号',
  `card_mac_code` varchar(255) CHARACTER SET utf8 COLLATE utf8_general_ci NULL DEFAULT NULL COMMENT '物理卡号',
  `student_code` varchar(255) CHARACTER SET utf8 COLLATE utf8_general_ci NULL DEFAULT NULL COMMENT '学籍号',
  `student_name` varchar(255) CHARACTER SET utf8 COLLATE utf8_general_ci NULL DEFAULT NULL COMMENT '学生姓名',
  `grade_name` varchar(255) CHARACTER SET utf8 COLLATE utf8_general_ci NULL DEFAULT NULL COMMENT '年级名称',
  `class_name` varchar(255) CHARACTER SET utf8 COLLATE utf8_general_ci NULL DEFAULT NULL COMMENT '班级名称',
  `create_time` datetime NULL DEFAULT NULL COMMENT '创建时间',
  `update_time` datetime NULL DEFAULT NULL COMMENT '修改时间',
  PRIMARY KEY (`id`) USING BTREE,
  UNIQUE INDEX `student_code`(`student_code`) USING BTREE,
  UNIQUE INDEX `card_mac_code`(`card_mac_code`) USING BTREE
) ENGINE = InnoDB AUTO_INCREMENT = 306 CHARACTER SET = utf8 COLLATE = utf8_general_ci COMMENT = '学生信息表' ROW_FORMAT = Compact;

-- ----------------------------
-- Records of student
-- ----------------------------
INSERT INTO `student` VALUES (29, 'EB61B259', '201720128', '张天泽', '', '高一(1)班', '2018-03-16 17:06:30', NULL);
INSERT INTO `student` VALUES (30, 'FBB0B659', '201620130', '张睿', '', '高一(1)班', '2018-03-16 17:06:30', NULL);
INSERT INTO `student` VALUES (31, '3BB4B659', '201720106', '郏思绮', '', '高一(1)班', '2018-03-16 17:06:30', NULL);
INSERT INTO `student` VALUES (32, '2BB2BB59', '201720123', '周义扬', '', '高一(1)班', '2018-03-16 17:06:30', NULL);
INSERT INTO `student` VALUES (33, 'CBABBC59', '201720113', '张趣清', '', '高一(1)班', '2018-03-16 17:06:30', NULL);
INSERT INTO `student` VALUES (34, '5BFDC159', '201720118', '陈逸典', '', '高一(1)班', '2018-03-16 17:06:30', NULL);
INSERT INTO `student` VALUES (35, 'DB79C259', '201720102', '胡尔姝', '', '高一(1)班', '2018-03-16 17:06:30', NULL);
INSERT INTO `student` VALUES (36, '7B86C259', '201720130', '黄鹏飞', '', '高一(1)班', '2018-03-16 17:06:30', NULL);
INSERT INTO `student` VALUES (37, 'BBCEC259', '201720110', '张安祺', '', '高一(1)班', '2018-03-16 17:06:30', NULL);
INSERT INTO `student` VALUES (38, '3325C2E3', '201720112', '王思捷', '', '高一(1)班', '2018-03-16 17:06:30', '2018-09-11 14:55:50');
INSERT INTO `student` VALUES (39, '7BBEC359', '201720142', '应皓', '', '高一(1)班', '2018-03-16 17:06:30', NULL);
INSERT INTO `student` VALUES (40, '7B07C959', '201720127', '张一凡', '', '高一(1)班', '2018-03-16 17:06:30', NULL);
INSERT INTO `student` VALUES (41, '8B21C959', '201720103', '倪隽仪', '', '高一(1)班', '2018-03-16 17:06:30', NULL);
INSERT INTO `student` VALUES (42, 'EB0ECA59', '201720104', '朱瑞尧', '', '高一(1)班', '2018-03-16 17:06:30', NULL);
INSERT INTO `student` VALUES (43, 'CB3387A6', '201420140', '袁睿宁', '', '高一(1)班', '2018-03-16 17:06:30', NULL);
INSERT INTO `student` VALUES (44, '030C75AC', '201120110', '陈烨', '', '高一(1)班', '2018-03-16 17:06:30', NULL);
INSERT INTO `student` VALUES (45, 'F3D484E3', '201720114', '曹诗悦', '', '高一(1)班', '2018-03-16 17:06:30', NULL);
INSERT INTO `student` VALUES (46, '13EE88E3', '201720137', '傅逸哲', '', '高一(1)班', '2018-03-16 17:06:30', NULL);
INSERT INTO `student` VALUES (47, '23EE88E3', '201720122', '柳嘉旻', '', '高一(1)班', '2018-03-16 17:06:30', NULL);
INSERT INTO `student` VALUES (48, '930789E3', '201720141', '王植建', '', '高一(1)班', '2018-03-16 17:06:30', NULL);
INSERT INTO `student` VALUES (49, '33B389E3', '201720125', '许贺明', '', '高一(1)班', '2018-03-16 17:06:30', NULL);
INSERT INTO `student` VALUES (50, '93BE89E3', '201720116', '徐思棋', '', '高一(1)班', '2018-03-16 17:06:30', NULL);
INSERT INTO `student` VALUES (51, 'F3C889E3', '201720121', '邓宇晗', '', '高一(1)班', '2018-03-16 17:06:30', NULL);
INSERT INTO `student` VALUES (52, '538B8EE3', '201720135', '叶嘉晨', '', '高一(1)班', '2018-03-16 17:06:30', NULL);
INSERT INTO `student` VALUES (53, 'E3328FE3', '201720131', '蒋霆峰', '', '高一(1)班', '2018-03-16 17:06:30', NULL);
INSERT INTO `student` VALUES (54, '13FF94E3', '201720126', '李与时', '', '高一(1)班', '2018-03-16 17:06:30', NULL);
INSERT INTO `student` VALUES (55, '235196E3', '201720134', '吴张驰', '', '高一(1)班', '2018-03-16 17:06:30', NULL);
INSERT INTO `student` VALUES (56, '032E9BE3', '201720133', '胡昱恺', '', '高一(1)班', '2018-03-16 17:06:30', NULL);
INSERT INTO `student` VALUES (57, '63DF9BE3', '201720119', '张若凝', '', '高一(1)班', '2018-03-16 17:06:30', NULL);
INSERT INTO `student` VALUES (58, '339FA1E3', '201720129', '王寒洋', '', '高一(1)班', '2018-03-16 17:06:30', NULL);
INSERT INTO `student` VALUES (59, '331FA2E3', '201720108', '徐彦羚', '', '高一(1)班', '2018-03-16 17:06:30', NULL);
INSERT INTO `student` VALUES (60, 'F3ACA2E3', '201720109', '向忻懿', '', '高一(1)班', '2018-03-16 17:06:30', NULL);
INSERT INTO `student` VALUES (61, 'D39BA3E3', '201720117', '卫慧', '', '高一(1)班', '2018-03-16 17:06:30', NULL);
INSERT INTO `student` VALUES (62, 'A3F6A9E3', '201720132', '施皓', '', '高一(1)班', '2018-03-16 17:06:30', NULL);
INSERT INTO `student` VALUES (63, 'A32CB3E3', '201720143', '莫天俊', '', '高一(1)班', '2018-03-16 17:06:30', NULL);
INSERT INTO `student` VALUES (64, '0332B3E3', '201720107', '杨佳闻', '', '高一(1)班', '2018-03-16 17:06:30', NULL);
INSERT INTO `student` VALUES (65, '8339B3E3', '201720105', '吴梦影', '', '高一(1)班', '2018-03-16 17:06:30', NULL);
INSERT INTO `student` VALUES (66, 'F394BAE3', '201720111', '严敏珺', '', '高一(1)班', '2018-03-16 17:06:30', NULL);
INSERT INTO `student` VALUES (67, '73A0BBE3', '201720140', '黄一恒', '', '高一(1)班', '2018-03-16 17:06:30', NULL);
INSERT INTO `student` VALUES (68, '6372C6E3', '201720144', '黄子恒', '', '高一(1)班', '2018-03-16 17:06:30', NULL);
INSERT INTO `student` VALUES (69, 'A38FCBE3', '201720101', '张雨扬', '', '高一(1)班', '2018-03-16 17:06:30', NULL);
INSERT INTO `student` VALUES (70, 'F3A0CBE3', '201720124', '王梓钦', '', '高一(1)班', '2018-03-16 17:06:30', NULL);
INSERT INTO `student` VALUES (71, '837ECDE3', '201720120', '陶思齐', '', '高一(1)班', '2018-03-16 17:06:30', NULL);
INSERT INTO `student` VALUES (72, 'C3CB68E3', '201720243', '詹明仁', '', '高一(2)班', '2018-03-16 17:06:30', '2018-09-11 14:02:17');
INSERT INTO `student` VALUES (73, '3BEBB559', '201720215', '顾羽霏', '', '高一(2)班', '2018-03-16 17:06:30', NULL);
INSERT INTO `student` VALUES (74, '6B17B659', '201720218', '王星娜', '', '高一(2)班', '2018-03-16 17:06:30', NULL);
INSERT INTO `student` VALUES (75, '5BB2B659', '201720209', '张骞尹', '', '高一(2)班', '2018-03-16 17:06:30', NULL);
INSERT INTO `student` VALUES (76, '2BB3B659', '201720233', '尹骏浩', '', '高一(2)班', '2018-03-16 17:06:30', NULL);
INSERT INTO `student` VALUES (77, 'CB88BB59', '201720214', '张译匀', '', '高一(2)班', '2018-03-16 17:06:30', NULL);
INSERT INTO `student` VALUES (78, '1B24C259', '201720226', '刘宇涵', '', '高一(2)班', '2018-03-16 17:06:30', NULL);
INSERT INTO `student` VALUES (79, '5B49C259', '201720223', '吴迪', '', '高一(2)班', '2018-03-16 17:06:30', NULL);
INSERT INTO `student` VALUES (80, 'CB4BC259', '201720232', '许哲豪', '', '高一(2)班', '2018-03-16 17:06:30', NULL);
INSERT INTO `student` VALUES (81, '1B68C359', '201720216', '贾琳', '', '高一(2)班', '2018-03-16 17:06:30', NULL);
INSERT INTO `student` VALUES (82, '5B84C359', '201720229', '田濡豪', '', '高一(2)班', '2018-03-16 17:06:30', NULL);
INSERT INTO `student` VALUES (83, 'CBD4C359', '201620217', '胡恬润', '', '高一(2)班', '2018-03-16 17:06:30', NULL);
INSERT INTO `student` VALUES (84, '1B95C859', '201720205', '杨从越', '', '高一(2)班', '2018-03-16 17:06:30', NULL);
INSERT INTO `student` VALUES (85, '4B0FC959', '201720224', '斯文涵', '', '高一(2)班', '2018-03-16 17:06:30', NULL);
INSERT INTO `student` VALUES (86, '8B1DC959', '201720204', '乐云', '', '高一(2)班', '2018-03-16 17:06:30', NULL);
INSERT INTO `student` VALUES (87, '8B1ACA59', '201720208', '马笑驭', '', '高一(2)班', '2018-03-16 17:06:30', NULL);
INSERT INTO `student` VALUES (88, 'C3CD84E3', '201720227', '戴瑞桢', '', '高一(2)班', '2018-03-16 17:06:30', NULL);
INSERT INTO `student` VALUES (89, '33CB88E3', '201720220', '何旭辉', '', '高一(2)班', '2018-03-16 17:06:30', NULL);
INSERT INTO `student` VALUES (90, 'C3DE8EE3', '201720206', '陆沁昀', '', '高一(2)班', '2018-03-16 17:06:30', NULL);
INSERT INTO `student` VALUES (91, '534B8FE3', '201720222', '杨丰睿', '', '高一(2)班', '2018-03-16 17:06:30', NULL);
INSERT INTO `student` VALUES (92, '535892E3', '201720225', '曾文博', '', '高一(2)班', '2018-03-16 17:06:30', NULL);
INSERT INTO `student` VALUES (93, '03CB94E3', '201720203', '蔡宛臻', '', '高一(2)班', '2018-03-16 17:06:30', NULL);
INSERT INTO `student` VALUES (94, '43C795E3', '201720244', '马远翔', '', '高一(2)班', '2018-03-16 17:06:30', NULL);
INSERT INTO `student` VALUES (95, '83A898E3', '201720235', '陆续', '', '高一(2)班', '2018-03-16 17:06:30', NULL);
INSERT INTO `student` VALUES (96, 'E30599E3', '201620228', '周轶辰', '', '高一(2)班', '2018-03-16 17:06:30', NULL);
INSERT INTO `student` VALUES (97, '33A2A1E3', '201720234', '金嘉栋', '', '高一(2)班', '2018-03-16 17:06:30', NULL);
INSERT INTO `student` VALUES (98, 'D30EA2E3', '201720231', '张睿硕', '', '高一(2)班', '2018-03-16 17:06:30', NULL);
INSERT INTO `student` VALUES (99, 'B396A8E3', '201720238', '程之恒', '', '高一(2)班', '2018-03-16 17:06:30', NULL);
INSERT INTO `student` VALUES (100, 'C307AAE3', '201720217', '朱彦琳', '', '高一(2)班', '2018-03-16 17:06:30', NULL);
INSERT INTO `student` VALUES (101, '532AB3E3', '201720239', '张景扬', '', '高一(2)班', '2018-03-16 17:06:30', NULL);
INSERT INTO `student` VALUES (102, '4334B3E3', '201720237', '陈丙森', '', '高一(2)班', '2018-03-16 17:06:30', NULL);
INSERT INTO `student` VALUES (103, '332DB4E3', '201720207', '孙誉誉', '', '高一(2)班', '2018-03-16 17:06:30', NULL);
INSERT INTO `student` VALUES (104, '83F3B4E3', '201720210', '陶晶莹', '', '高一(2)班', '2018-03-16 17:06:30', NULL);
INSERT INTO `student` VALUES (105, 'D318B5E3', '201720228', '郑嘉聪', '', '高一(2)班', '2018-03-16 17:06:30', NULL);
INSERT INTO `student` VALUES (106, '138AB9E3', '201720211', '周妍', '', '高一(2)班', '2018-03-16 17:06:30', NULL);
INSERT INTO `student` VALUES (107, 'C32CC0E3', '201720202', '余心悦', '', '高一(2)班', '2018-03-16 17:06:30', NULL);
INSERT INTO `student` VALUES (108, '6347C0E3', '201720236', '龚明宇', '', '高一(2)班', '2018-03-16 17:06:30', NULL);
INSERT INTO `student` VALUES (109, 'A368C1E3', '201720212', '张婧妍', '', '高一(2)班', '2018-03-16 17:06:30', NULL);
INSERT INTO `student` VALUES (110, '03008AE3', '201720213', '施天骏', '', '高一(2)班', '2018-03-16 17:06:30', '2018-09-11 14:01:37');
INSERT INTO `student` VALUES (111, 'EBBFB659', '201720342', '郑奕明', '', '高一(3)班', '2018-03-16 17:06:30', NULL);
INSERT INTO `student` VALUES (112, '2BDDBC59', '201720332', '李致雨', '', '高一(3)班', '2018-03-16 17:06:30', NULL);
INSERT INTO `student` VALUES (113, '9BF6BC59', '201720309', '卫来', '', '高一(3)班', '2018-03-16 17:06:30', NULL);
INSERT INTO `student` VALUES (114, 'CB4AC259', '201720315', '陈茜', '', '高一(3)班', '2018-03-16 17:06:30', NULL);
INSERT INTO `student` VALUES (115, '5B6DC259', '201720302', '邱天悦', '', '高一(3)班', '2018-03-16 17:06:30', NULL);
INSERT INTO `student` VALUES (116, '2B9EC359', '201720323', '郭宇豪', '', '高一(3)班', '2018-03-16 17:06:30', NULL);
INSERT INTO `student` VALUES (117, '2BD7C359', '201720321', '朱海亮', '', '高一(3)班', '2018-03-16 17:06:30', NULL);
INSERT INTO `student` VALUES (118, '2E8BBDC9', '201020339', '邓天熠', '', '高一(3)班', '2018-03-16 17:06:30', NULL);
INSERT INTO `student` VALUES (119, 'C35789E3', '201720333', '周清玄', '', '高一(3)班', '2018-03-16 17:06:30', NULL);
INSERT INTO `student` VALUES (120, '236389E3', '201720310', '贺凌芊', '', '高一(3)班', '2018-03-16 17:06:30', NULL);
INSERT INTO `student` VALUES (121, '43018FE3', '201720308', '孙沁怡', '', '高一(3)班', '2018-03-16 17:06:30', NULL);
INSERT INTO `student` VALUES (122, 'B31496E3', '201720304', '姚尧', '', '高一(3)班', '2018-03-16 17:06:30', NULL);
INSERT INTO `student` VALUES (123, '83DF9BE3', '201720340', '朱童', '', '高一(3)班', '2018-03-16 17:06:30', NULL);
INSERT INTO `student` VALUES (124, '83E09BE3', '201720329', '刘思宇', '', '高一(3)班', '2018-03-16 17:06:30', NULL);
INSERT INTO `student` VALUES (125, '03E79BE3', '201720312', '师玉洁', '', '高一(3)班', '2018-03-16 17:06:30', NULL);
INSERT INTO `student` VALUES (126, '23099CE3', '201720327', '吴滔', '', '高一(3)班', '2018-03-16 17:06:30', NULL);
INSERT INTO `student` VALUES (127, 'A3259CE3', '201720301', '田嘉齐', '', '高一(3)班', '2018-03-16 17:06:30', NULL);
INSERT INTO `student` VALUES (128, 'D3A89CE3', '201720317', '杨晨', '', '高一(3)班', '2018-03-16 17:06:30', NULL);
INSERT INTO `student` VALUES (129, 'B3C99CE3', '201720318', '沙艳泓', '', '高一(3)班', '2018-03-16 17:06:30', NULL);
INSERT INTO `student` VALUES (130, '13AFA9E3', '201720330', '朱明正', '', '高一(3)班', '2018-03-16 17:06:30', NULL);
INSERT INTO `student` VALUES (131, '93ECA9E3', '201720314', '储卫怡', '', '高一(3)班', '2018-03-16 17:06:30', NULL);
INSERT INTO `student` VALUES (132, '53FDA9E3', '201720305', '李骐娅', '', '高一(3)班', '2018-03-16 17:06:30', NULL);
INSERT INTO `student` VALUES (133, '93A9ADE3', '201720331', '王竹安', '', '高一(3)班', '2018-03-16 17:06:30', NULL);
INSERT INTO `student` VALUES (134, 'D3F0AEE3', '201720336', '陆成至', '', '高一(3)班', '2018-03-16 17:06:30', NULL);
INSERT INTO `student` VALUES (135, '430DB3E3', '201720306', '马睿敏', '', '高一(3)班', '2018-03-16 17:06:30', NULL);
INSERT INTO `student` VALUES (136, '733DB3E3', '201720325', '顾宇飞', '', '高一(3)班', '2018-03-16 17:06:30', NULL);
INSERT INTO `student` VALUES (137, 'A3AFB9E3', '201720343', '石康', '', '高一(3)班', '2018-03-16 17:06:30', NULL);
INSERT INTO `student` VALUES (138, 'B353BAE3', '201720307', '王乐闲', '', '高一(3)班', '2018-03-16 17:06:30', NULL);
INSERT INTO `student` VALUES (139, 'A34BC0E3', '201720335', '顾欣磊', '', '高一(3)班', '2018-03-16 17:06:30', NULL);
INSERT INTO `student` VALUES (140, '2359C1E3', '201720326', '曹云韬', '', '高一(3)班', '2018-03-16 17:06:30', NULL);
INSERT INTO `student` VALUES (141, '4360C1E3', '201720322', '陈思睿', '', '高一(3)班', '2018-03-16 17:06:30', NULL);
INSERT INTO `student` VALUES (142, 'B326C2E3', '201720316', '顾好好', '', '高一(3)班', '2018-03-16 17:06:30', NULL);
INSERT INTO `student` VALUES (143, 'E331C2E3', '201720311', '张婧怡', '', '高一(3)班', '2018-03-16 17:06:30', NULL);
INSERT INTO `student` VALUES (144, 'E380C6E3', '201720344', '徐欣毅', '', '高一(3)班', '2018-03-16 17:06:30', NULL);
INSERT INTO `student` VALUES (145, '63CDC7E3', '201720303', '潘越雯', '', '高一(3)班', '2018-03-16 17:06:30', NULL);
INSERT INTO `student` VALUES (146, '1373CBE3', '201720338', '王知之', '', '高一(3)班', '2018-03-16 17:06:30', NULL);
INSERT INTO `student` VALUES (147, '4373CBE3', '201720324', '黄义玮', '', '高一(3)班', '2018-03-16 17:06:30', NULL);
INSERT INTO `student` VALUES (148, '3B61B259', '201720403', '杨诗昀', '', '高一(4)班', '2018-03-16 17:06:30', NULL);
INSERT INTO `student` VALUES (149, '6B04B759', '201720417', '金逸琳', '', '高一(4)班', '2018-03-16 17:06:30', NULL);
INSERT INTO `student` VALUES (150, '7BA6BC59', '201720421', '江泽涵', '', '高一(4)班', '2018-03-16 17:06:30', NULL);
INSERT INTO `student` VALUES (151, '0B3EC259', '201720439', '徐政杰', '', '高一(4)班', '2018-03-16 17:06:30', NULL);
INSERT INTO `student` VALUES (152, '3B52C259', '201720402', '罗悦清', '', '高一(4)班', '2018-03-16 17:06:30', NULL);
INSERT INTO `student` VALUES (153, '0B0CC359', '201720427', '刘亦凡', '', '高一(4)班', '2018-03-16 17:06:30', NULL);
INSERT INTO `student` VALUES (154, '8B72C359', '201720430', '计赵昀', '', '高一(4)班', '2018-03-16 17:06:30', NULL);
INSERT INTO `student` VALUES (155, '8BF4C859', '201720425', '刘丰奇', '', '高一(4)班', '2018-03-16 17:06:30', NULL);
INSERT INTO `student` VALUES (156, '5B28C959', '201720404', '杨喻雯', '', '高一(4)班', '2018-03-16 17:06:30', NULL);
INSERT INTO `student` VALUES (157, '4B05CA59', '201720438', '章浩然', '', '高一(4)班', '2018-03-16 17:06:30', NULL);
INSERT INTO `student` VALUES (158, '2B5BCF59', '201720424', '施臻伟', '', '高一(4)班', '2018-03-16 17:06:30', NULL);
INSERT INTO `student` VALUES (159, '5B11D059', '201720432', '邢颖', '', '高一(4)班', '2018-03-16 17:06:30', NULL);
INSERT INTO `student` VALUES (160, '4644F495', '201520446', '郑奕明', '', '高一(4)班', '2018-03-16 17:06:30', NULL);
INSERT INTO `student` VALUES (161, '33A975AC', '201220418', '徐思妍', '', '高一(4)班', '2018-03-16 17:06:30', NULL);
INSERT INTO `student` VALUES (162, 'E39877AC', '201120415', '王钰清', '', '高一(4)班', '2018-03-16 17:06:30', NULL);
INSERT INTO `student` VALUES (163, '943325C5', '201320441', '高英甲', '', '高一(4)班', '2018-03-16 17:06:30', NULL);
INSERT INTO `student` VALUES (164, 'D3667EE3', '201720440', '吴铭捷', '', '高一(4)班', '2018-03-16 17:06:30', NULL);
INSERT INTO `student` VALUES (165, '238287E3', '201720408', '薛雅婷', '', '高一(4)班', '2018-03-16 17:06:30', NULL);
INSERT INTO `student` VALUES (166, '13BB89E3', '201720410', '陈之涵', '', '高一(4)班', '2018-03-16 17:06:30', NULL);
INSERT INTO `student` VALUES (167, '53DE89E3', '201720443', '张睿', '', '高一(4)班', '2018-03-16 17:06:30', NULL);
INSERT INTO `student` VALUES (168, 'C3058CE3', '201720420', '王崴桐', '', '高一(4)班', '2018-03-16 17:06:30', NULL);
INSERT INTO `student` VALUES (169, 'B3FA8EE3', '201720434', '唐翌晨', '', '高一(4)班', '2018-03-16 17:06:30', NULL);
INSERT INTO `student` VALUES (170, '530E8FE3', '201720423', '邹涵', '', '高一(4)班', '2018-03-16 17:06:30', NULL);
INSERT INTO `student` VALUES (171, '73358FE3', '201720431', '冯文超', '', '高一(4)班', '2018-03-16 17:06:30', NULL);
INSERT INTO `student` VALUES (172, 'A35B8FE3', '201720428', '林嘉辉', '', '高一(4)班', '2018-03-16 17:06:30', NULL);
INSERT INTO `student` VALUES (173, '135E8FE3', '201720413', '曹王远', '', '高一(4)班', '2018-03-16 17:06:30', NULL);
INSERT INTO `student` VALUES (174, 'B3E08FE3', '201720409', '徐梦圆', '', '高一(4)班', '2018-03-16 17:06:30', NULL);
INSERT INTO `student` VALUES (175, 'A35295E3', '201720429', '向悦宸', '', '高一(4)班', '2018-03-16 17:06:30', NULL);
INSERT INTO `student` VALUES (176, 'A3E596E3', '201720416', '凤雪彤', '', '高一(4)班', '2018-03-16 17:06:30', NULL);
INSERT INTO `student` VALUES (177, 'C3FF96E3', '201720414', '陈天悦', '', '高一(4)班', '2018-03-16 17:06:30', NULL);
INSERT INTO `student` VALUES (178, 'C3EA9BE3', '201720412', '胡奕辰', '', '高一(4)班', '2018-03-16 17:06:30', NULL);
INSERT INTO `student` VALUES (179, '03159CE3', '201720433', '闵赛', '', '高一(4)班', '2018-03-16 17:06:30', NULL);
INSERT INTO `student` VALUES (180, '431A9CE3', '201720426', '王栋', '', '高一(4)班', '2018-03-16 17:06:30', NULL);
INSERT INTO `student` VALUES (181, '535A9CE3', '201720405', '曾庆永', '', '高一(4)班', '2018-03-16 17:06:30', NULL);
INSERT INTO `student` VALUES (182, '0396A3E3', '201720406', '夏敬文', '', '高一(4)班', '2018-03-16 17:06:30', NULL);
INSERT INTO `student` VALUES (183, '836DA6E3', '201720407', '沈睿冰', '', '高一(4)班', '2018-03-16 17:06:30', NULL);
INSERT INTO `student` VALUES (184, 'A38AADE3', '201720419', '成佳榕', '', '高一(4)班', '2018-03-16 17:06:30', NULL);
INSERT INTO `student` VALUES (185, '93E5B4E3', '201720422', '王伟伦', '', '高一(4)班', '2018-03-16 17:06:30', NULL);
INSERT INTO `student` VALUES (186, '63AEB9E3', '201720415', '曹笑雨', '', '高一(4)班', '2018-03-16 17:06:30', NULL);
INSERT INTO `student` VALUES (187, '230BC2E3', '201720435', '印仕炜', '', '高一(4)班', '2018-03-16 17:06:30', NULL);
INSERT INTO `student` VALUES (188, '93CDC7E3', '201720418', '陈子怡', '', '高一(4)班', '2018-03-16 17:06:30', NULL);
INSERT INTO `student` VALUES (189, 'F3D3C7E3', '201720411', '汪可滢', '', '高一(4)班', '2018-03-16 17:06:30', NULL);
INSERT INTO `student` VALUES (190, '43E0C7E3', '201720442', '钟喆安', '', '高一(4)班', '2018-03-16 17:06:30', NULL);
INSERT INTO `student` VALUES (191, '7B69C826', '201720527', '周桂平', '', '高一(5)班', '2018-03-16 17:06:30', NULL);
INSERT INTO `student` VALUES (192, '1BD8B559', '201720532', '丁士成', '', '高一(5)班', '2018-03-16 17:06:30', NULL);
INSERT INTO `student` VALUES (193, '7B1FB659', '201720441', '吴家晨', '', '高一(5)班', '2018-03-16 17:06:30', NULL);
INSERT INTO `student` VALUES (194, 'EB3ABC59', '201720542', '李梓齐', '', '高一(5)班', '2018-03-16 17:06:30', NULL);
INSERT INTO `student` VALUES (195, '6B3BBC59', '201720529', '邵思洋', '', '高一(5)班', '2018-03-16 17:06:30', NULL);
INSERT INTO `student` VALUES (196, '2B0CBD59', '201720533', '周佳键', '', '高一(5)班', '2018-03-16 17:06:30', NULL);
INSERT INTO `student` VALUES (197, 'EB33BD59', '201720334', '查茗瀚', '', '高一(5)班', '2018-03-16 17:06:30', NULL);
INSERT INTO `student` VALUES (198, 'EB38BD59', '201720136', '陈耀辉', '', '高一(5)班', '2018-03-16 17:06:30', NULL);
INSERT INTO `student` VALUES (199, 'CB4CC259', '201720401', '王若聿', '', '高一(5)班', '2018-03-16 17:06:30', NULL);
INSERT INTO `student` VALUES (200, 'DB0DC359', '201720437', '王凯佳', '', '高一(5)班', '2018-03-16 17:06:30', NULL);
INSERT INTO `student` VALUES (201, '4BC9C859', '201720320', '广坤鑫', '', '高一(5)班', '2018-03-16 17:06:30', NULL);
INSERT INTO `student` VALUES (202, '6BEEC859', '201720341', '钱允涵', '', '高一(5)班', '2018-03-16 17:06:30', NULL);
INSERT INTO `student` VALUES (203, '2B16CA59', '201720337', '黄伯韬', '', '高一(5)班', '2018-03-16 17:06:30', NULL);
INSERT INTO `student` VALUES (204, 'ABCDCE59', '201720523', '邵一轩', '', '高一(5)班', '2018-03-16 17:06:30', NULL);
INSERT INTO `student` VALUES (205, 'EB3DCF59', '201720115', '许睿颐', '', '高一(5)班', '2018-03-16 17:06:30', NULL);
INSERT INTO `student` VALUES (206, '4B28D459', '201720531', '李卓', '', '高一(5)班', '2018-03-16 17:06:30', NULL);
INSERT INTO `student` VALUES (207, '0BD0D559', '201720504', '杨景然', '', '高一(5)班', '2018-03-16 17:06:30', NULL);
INSERT INTO `student` VALUES (208, 'C32B75AC', '201120517', '田曼奇', '', '高一(5)班', '2018-03-16 17:06:30', NULL);
INSERT INTO `student` VALUES (209, '84D724C5', '201420524', '查阅', '', '高一(5)班', '2018-03-16 17:06:30', NULL);
INSERT INTO `student` VALUES (210, '637263E3', '201720139', '崔可烨', '', '高一(5)班', '2018-03-16 17:06:30', NULL);
INSERT INTO `student` VALUES (211, '43CB84E3', '201720512', '周可凡', '', '高一(5)班', '2018-03-16 17:06:30', NULL);
INSERT INTO `student` VALUES (212, '73DD84E3', '201720511', '蔡同乐', '', '高一(5)班', '2018-03-16 17:06:30', NULL);
INSERT INTO `student` VALUES (213, '838C85E3', '201720201', '蔡依姝', '', '高一(5)班', '2018-03-16 17:06:30', NULL);
INSERT INTO `student` VALUES (214, '835789E3', '201720543', '黄海', '', '高一(5)班', '2018-03-16 17:06:30', NULL);
INSERT INTO `student` VALUES (215, '83C689E3', '201720530', '黄嘉敏', '', '高一(5)班', '2018-03-16 17:06:30', NULL);
INSERT INTO `student` VALUES (216, '33EA89E3', '201720503', '徐瑞欣', '', '高一(5)班', '2018-03-16 17:06:30', NULL);
INSERT INTO `student` VALUES (217, '631A8FE3', '201720502', '鲁安妮', '', '高一(5)班', '2018-03-16 17:06:30', NULL);
INSERT INTO `student` VALUES (218, 'A32B8FE3', '201720506', '肖思妤', '', '高一(5)班', '2018-03-16 17:06:30', NULL);
INSERT INTO `student` VALUES (219, '03368FE3', '201720518', '陈雨菲', '', '高一(5)班', '2018-03-16 17:06:30', NULL);
INSERT INTO `student` VALUES (220, '931890E3', '201720534', '汪乐其', '', '高一(5)班', '2018-03-16 17:06:30', NULL);
INSERT INTO `student` VALUES (221, 'F37392E3', '201720521', '沈以琳', '', '高一(5)班', '2018-03-16 17:06:30', NULL);
INSERT INTO `student` VALUES (222, '935295E3', '201720526', '马景旸', '', '高一(5)班', '2018-03-16 17:06:30', NULL);
INSERT INTO `student` VALUES (223, '035395E3', '201720528', '龚子木', '', '高一(5)班', '2018-03-16 17:06:30', NULL);
INSERT INTO `student` VALUES (224, '638A95E3', '201720313', '金培妍', '', '高一(5)班', '2018-03-16 17:06:30', NULL);
INSERT INTO `student` VALUES (225, 'F38B95E3', '201720520', '赵越', '', '高一(5)班', '2018-03-16 17:06:30', NULL);
INSERT INTO `student` VALUES (226, '639395E3', '201720514', '张潆心', '', '高一(5)班', '2018-03-16 17:06:30', NULL);
INSERT INTO `student` VALUES (227, 'A3FA95E3', '201720339', '胡珞珈', '', '高一(5)班', '2018-03-16 17:06:30', NULL);
INSERT INTO `student` VALUES (228, '933D96E3', '201720538', '王博文', '', '高一(5)班', '2018-03-16 17:06:30', NULL);
INSERT INTO `student` VALUES (229, 'F39C96E3', '201720522', '蔡音瑶', '', '高一(5)班', '2018-03-16 17:06:30', NULL);
INSERT INTO `student` VALUES (230, 'C32F9BE3', '201720539', '武稔隽', '', '高一(5)班', '2018-03-16 17:06:30', NULL);
INSERT INTO `student` VALUES (231, '733C9CE3', '201720525', '薛峻凛', '', '高一(5)班', '2018-03-16 17:06:30', NULL);
INSERT INTO `student` VALUES (232, '53039FE3', '201720509', '王晨昱', '', '高一(5)班', '2018-03-16 17:06:30', NULL);
INSERT INTO `student` VALUES (233, '23279FE3', '201720535', '赵奕榕', '', '高一(5)班', '2018-03-16 17:06:30', NULL);
INSERT INTO `student` VALUES (234, '936FA5E3', '201620530', '周致远', '', '高一(5)班', '2018-03-16 17:06:30', NULL);
INSERT INTO `student` VALUES (235, '4399A6E3', '201720513', '周烨', '', '高一(5)班', '2018-03-16 17:06:30', NULL);
INSERT INTO `student` VALUES (236, 'F3D1A7E3', '201720517', '傅佳伲', '', '高一(5)班', '2018-03-16 17:06:30', NULL);
INSERT INTO `student` VALUES (237, '6325AAE3', '201720519', '宋欣然', '', '高一(5)班', '2018-03-16 17:06:30', NULL);
INSERT INTO `student` VALUES (238, '13A0ADE3', '201720515', '费帆', '', '高一(5)班', '2018-03-16 17:06:30', NULL);
INSERT INTO `student` VALUES (239, 'A3D7AEE3', '201720501', '梅奕秋', '', '高一(5)班', '2018-03-16 17:06:30', NULL);
INSERT INTO `student` VALUES (240, '13F4B4E3', '201720507', '周依林', '', '高一(5)班', '2018-03-16 17:06:30', NULL);
INSERT INTO `student` VALUES (241, '23F9B4E3', '201720510', '张扬', '', '高一(5)班', '2018-03-16 17:06:30', NULL);
INSERT INTO `student` VALUES (242, 'A38AB9E3', '201720505', '刘雪琼', '', '高一(5)班', '2018-03-16 17:06:30', NULL);
INSERT INTO `student` VALUES (243, '8396B9E3', '201720221', '王程楷', '', '高一(5)班', '2018-03-16 17:06:30', NULL);
INSERT INTO `student` VALUES (244, '2347BAE3', '201720516', '潘佳妮', '', '高一(5)班', '2018-03-16 17:06:30', NULL);
INSERT INTO `student` VALUES (245, '33ABBBE3', '201720508', '李雨明', '', '高一(5)班', '2018-03-16 17:06:30', NULL);
INSERT INTO `student` VALUES (246, '93E4C0E3', '201720138', '范益杰', '', '高一(5)班', '2018-03-16 17:06:30', NULL);
INSERT INTO `student` VALUES (247, 'C32BC2E3', '201720540', '吴宇恒', '', '高一(5)班', '2018-03-16 17:06:30', NULL);
INSERT INTO `student` VALUES (248, 'C371C6E3', '201720544', '曹翀闻', '', '高一(5)班', '2018-03-16 17:06:30', NULL);
INSERT INTO `student` VALUES (249, '338AC6E3', '201720541', '张亦哲', '', '高一(5)班', '2018-03-16 17:06:30', NULL);
INSERT INTO `student` VALUES (250, '5309CCE3', '201720524', '刘骐', '', '高一(5)班', '2018-03-16 17:06:30', NULL);
INSERT INTO `student` VALUES (251, 'D2CA33E6', '201320503', '王育文', '', '高一(5)班', '2018-03-16 17:06:30', NULL);
INSERT INTO `student` VALUES (252, '3BD2B559', '201720606', '李奕萱', '', '高一(6)班', '2018-03-16 17:06:30', NULL);
INSERT INTO `student` VALUES (253, '7B02B759', '201720241', '吴骐锋', '', '高一(6)班', '2018-03-16 17:06:30', NULL);
INSERT INTO `student` VALUES (254, '6B4BBC59', '201720615', '端阳', '', '高一(6)班', '2018-03-16 17:06:30', NULL);
INSERT INTO `student` VALUES (255, '1BABBC59', '201720628', '顾逸鸥', '', '高一(6)班', '2018-03-16 17:06:30', NULL);
INSERT INTO `student` VALUES (256, '5B78C259', '201720625', '何雨辰', '', '高一(6)班', '2018-03-16 17:06:30', NULL);
INSERT INTO `student` VALUES (257, '7B00C359', '201720611', '张子璇', '', '高一(6)班', '2018-03-16 17:06:30', NULL);
INSERT INTO `student` VALUES (258, 'AB53C359', '201720436', '陶然', '', '高一(6)班', '2018-03-16 17:06:30', NULL);
INSERT INTO `student` VALUES (259, 'BB03C959', '201720620', '袁榕含', '', '高一(6)班', '2018-03-16 17:06:30', NULL);
INSERT INTO `student` VALUES (260, '6B1CC959', '201720643', '刘奕辰', '', '高一(6)班', '2018-03-16 17:06:30', NULL);
INSERT INTO `student` VALUES (261, '4B9AC959', '201720642', '龚诚', '', '高一(6)班', '2018-03-16 17:06:30', NULL);
INSERT INTO `student` VALUES (262, '9BF5C959', '201720612', '唐音奇', '', '高一(6)班', '2018-03-16 17:06:30', NULL);
INSERT INTO `student` VALUES (263, 'CB04CA59', '201720641', '范毅', '', '高一(6)班', '2018-03-16 17:06:30', NULL);
INSERT INTO `student` VALUES (264, '2B25CA59', '201720609', '汤欣怡', '', '高一(6)班', '2018-03-16 17:06:30', NULL);
INSERT INTO `student` VALUES (265, '0B88CF59', '201720608', '崔彦云', '', '高一(6)班', '2018-03-16 17:06:30', NULL);
INSERT INTO `student` VALUES (266, 'D6AEF495', '201520619', '梁祺沐', '', '高一(6)班', '2018-03-16 17:06:30', NULL);
INSERT INTO `student` VALUES (267, '93B875AC', '201420610', '沈艾楚', '', '高一(6)班', '2018-03-16 17:06:30', NULL);
INSERT INTO `student` VALUES (268, 'E38275E3', '201720619', '田怿成', '', '高一(6)班', '2018-03-16 17:06:30', NULL);
INSERT INTO `student` VALUES (269, '83F589E3', '201720601', '余艺典', '', '高一(6)班', '2018-03-16 17:06:30', NULL);
INSERT INTO `student` VALUES (270, '432F8BE3', '201720537', '韩宇轩', '', '高一(6)班', '2018-03-16 17:06:30', NULL);
INSERT INTO `student` VALUES (271, 'E3018CE3', '201720602', '卞榛', '', '高一(6)班', '2018-03-16 17:06:30', NULL);
INSERT INTO `student` VALUES (272, 'F3458EE3', '201720638', '刘宇衡', '', '高一(6)班', '2018-03-16 17:06:30', NULL);
INSERT INTO `student` VALUES (273, '93048FE3', '201720621', '雷与周', '', '高一(6)班', '2018-03-16 17:06:30', NULL);
INSERT INTO `student` VALUES (274, 'D3088FE3', '201720536', '陈思涵', '', '高一(6)班', '2018-03-16 17:06:30', NULL);
INSERT INTO `student` VALUES (275, '732D91E3', '201720640', '吴宇辰', '', '高一(6)班', '2018-03-16 17:06:30', NULL);
INSERT INTO `student` VALUES (276, '833B92E3', '201720637', '楼思源', '', '高一(6)班', '2018-03-16 17:06:30', NULL);
INSERT INTO `student` VALUES (277, '336095E3', '201720644', '黎禹昂', '', '高一(6)班', '2018-03-16 17:06:30', NULL);
INSERT INTO `student` VALUES (278, 'D3A295E3', '201720626', '朱苇嘉', '', '高一(6)班', '2018-03-16 17:06:30', NULL);
INSERT INTO `student` VALUES (279, 'E3AE95E3', '201720613', '陈奕人', '', '高一(6)班', '2018-03-16 17:06:30', NULL);
INSERT INTO `student` VALUES (280, 'E3B095E3', '201720636', '金梦飞', '', '高一(6)班', '2018-03-16 17:06:30', NULL);
INSERT INTO `student` VALUES (281, 'D3D795E3', '201720631', '戚昱坤', '', '高一(6)班', '2018-03-16 17:06:30', NULL);
INSERT INTO `student` VALUES (282, 'B35B9BE3', '201720614', '蔡心怡', '', '高一(6)班', '2018-03-16 17:06:30', NULL);
INSERT INTO `student` VALUES (283, 'F33A9CE3', '201720616', '骆元灏', '', '高一(6)班', '2018-03-16 17:06:30', NULL);
INSERT INTO `student` VALUES (284, '13879CE3', '201720240', '黄海骅', '', '高一(6)班', '2018-03-16 17:06:30', NULL);
INSERT INTO `student` VALUES (285, 'E3069DE3', '201720624', '谭奕天', '', '高一(6)班', '2018-03-16 17:06:30', NULL);
INSERT INTO `student` VALUES (286, 'C3A1A2E3', '201720627', '左翊昆', '', '高一(6)班', '2018-03-16 17:06:30', NULL);
INSERT INTO `student` VALUES (287, '9398A6E3', '201720610', '夏子祎', '', '高一(6)班', '2018-03-16 17:06:30', NULL);
INSERT INTO `student` VALUES (288, 'B3B2A8E3', '201720634', '戴圣九', '', '高一(6)班', '2018-03-16 17:06:30', NULL);
INSERT INTO `student` VALUES (289, '5392ADE3', '201720603', '蔺菱', '', '高一(6)班', '2018-03-16 17:06:30', NULL);
INSERT INTO `student` VALUES (290, 'E330B3E3', '201720605', '张欣语', '', '高一(6)班', '2018-03-16 17:06:30', NULL);
INSERT INTO `student` VALUES (291, '93DDB4E3', '201720607', '田悦霖', '', '高一(6)班', '2018-03-16 17:06:30', NULL);
INSERT INTO `student` VALUES (292, '8312B5E3', '201720632', '薛仁捷', '', '高一(6)班', '2018-03-16 17:06:30', NULL);
INSERT INTO `student` VALUES (293, 'A351BAE3', '201720622', '孙嘉文', '', '高一(6)班', '2018-03-16 17:06:30', NULL);
INSERT INTO `student` VALUES (294, '6333C0E3', '201720633', '杨子轩', '', '高一(6)班', '2018-03-16 17:06:30', NULL);
INSERT INTO `student` VALUES (295, 'B359C1E3', '201720604', '吴心怡', '', '高一(6)班', '2018-03-16 17:06:30', NULL);
INSERT INTO `student` VALUES (296, '0316C2E3', '201720639', '钱骋', '', '高一(6)班', '2018-03-16 17:06:30', NULL);
INSERT INTO `student` VALUES (297, 'B381C6E3', '201720618', '张佳钰', '', '高一(6)班', '2018-03-16 17:06:30', NULL);
INSERT INTO `student` VALUES (298, 'E387C6E3', '201720617', '张家玮', '', '高一(6)班', '2018-03-16 17:06:30', NULL);
INSERT INTO `student` VALUES (299, 'E328C7E3', '201720630', '林易理', '', '高一(6)班', '2018-03-16 17:06:30', NULL);
INSERT INTO `student` VALUES (300, '73C8C7E3', '201720635', '黄申祥', '', '高一(6)班', '2018-03-16 17:06:30', NULL);
INSERT INTO `student` VALUES (301, 'A3F2CBE3', '201720629', '金宇扬', '', '高一(6)班', '2018-03-16 17:06:30', NULL);
INSERT INTO `student` VALUES (302, 'DAD996F9', '201720623', '方骏祺', '', '高一(6)班', '2018-03-16 17:06:30', NULL);
INSERT INTO `student` VALUES (303, '2B0FCA59', '201520247', '唐雨诚', '高二', '高二2班', '2018-03-16 17:13:41', NULL);
INSERT INTO `student` VALUES (304, '43FF94E3', '20111', '测试', '', '高二2', '2018-03-16 17:14:58', NULL);
INSERT INTO `student` VALUES (305, '0451CB6E', '20180321test', 'test', '高二', '高二2班', '2018-03-21 12:10:04', NULL);

SET FOREIGN_KEY_CHECKS = 1;
